q_speaker,assembly,q_party,q_sex,q_elect_type,q_birth,q_term_count,q_mona_cd
이진구,17,한나라당,,지역구,,초선,
주승용,17,열린우리당,,지역구,,4선,
한병도,17,열린우리당,,지역구,,3선,
정희수,17,한나라당,,지역구,,3선,
홍재형,17,열린우리당,,지역구,,3선,
허천,17,한나라당,,지역구,,재선,
강길부,17,열린우리당,,지역구,,4선,
김석준,17,한나라당,,지역구,,초선,
이낙연,17,새천년민주당,,지역구,,5선,
문학진,17,열린우리당,,지역구,,재선,
김재경,17,한나라당,,지역구,,4선,
이영순,17,민주노동당,,비례대표,,초선,
박상돈,17,열린우리당,,지역구,,재선,
박승환,17,한나라당,,지역구,,초선,
정진석,17,무소속,,지역구,,5선,
서재관,17,열린우리당,,지역구,,초선,
유정복,17,한나라당,,지역구,,3선,
유필우,17,열린우리당,,지역구,,초선,
윤두환,17,한나라당,,지역구,,3선,
장경수,17,열린우리당,,지역구,,초선,
심재철,17,한나라당,,지역구,,5선,
정성호,17,열린우리당,,지역구,,5선,
이인기,17,한나라당,,지역구,,3선,
정장선,17,열린우리당,,지역구,,3선,
이재창,17,한나라당,,지역구,,3선,
홍재형,18,통합민주당,,지역구,,3선,
김선미,18,열린우리당,,,,초선,
이재창,18,한나라당,,,,3선,
정장선,18,통합민주당,,지역구,,3선,
이진구,18,한나라당,,,,초선,
강길부,18,무소속,,지역구,,4선,
주승용,18,통합민주당,,지역구,,4선,
허태열,18,한나라당,,지역구,,3선,
이낙연,18,통합민주당,,지역구,,5선,
허천,18,한나라당,,지역구,,재선,
강창일,18,통합민주당,,지역구,,4선,
정희수,18,한나라당,,지역구,,3선,
이상경,18,대한독립촉성국민회,,,,,
김석준,18,한나라당,,,,초선,
유필우,18,열린우리당,,,,초선,
이영순,18,민주노동당,,,,초선,
김재경,18,한나라당,,지역구,,4선,
이시종,18,통합민주당,,지역구,,재선,
윤두환,18,한나라당,,지역구,,3선,
정진석,18,한나라당,,비례대표,,5선,
유정복,18,한나라당,,지역구,,3선,
한병도,18,더불어민주당,,,,3선,
박승환,18,한나라당,,,,초선,
이인기,18,무소속,,지역구,,3선,
서상기,17,한나라당,,비례대표,,3선,
유승희,17,열린우리당,,비례대표,,3선,
류근찬,17,자유민주연합,,지역구,,재선,
김명자,17,열린우리당,,비례대표,,초선,
심재엽,17,한나라당,,지역구,,초선,
박찬석,17,열린우리당,,비례대표,,초선,
진영,17,한나라당,,지역구,,4선,
홍창선,17,열린우리당,,비례대표,,초선,
강성종,17,열린우리당,,지역구,,재선,
권선택,17,열린우리당,,지역구,,재선,
김낙순,17,열린우리당,,지역구,,초선,
김희정,17,한나라당,,지역구,,3선,
김학원,17,자유민주연합,,지역구,,3선,
김영선,17,한나라당,,지역구,,5선,
서혜석,17,열린우리당,,비례대표,,초선,
강재섭,17,한나라당,,지역구,,5선,
염동연,17,열린우리당,,지역구,,초선,
변재일,17,열린우리당,,지역구,,5선,
이종걸,17,열린우리당,,지역구,,5선,
민병두,17,열린우리당,,비례대표,,3선,
주호영,17,한나라당,,지역구,,6선,
유기홍,17,열린우리당,,지역구,,3선,
이주호,17,한나라당,,비례대표,,초선,
김영춘,17,열린우리당,,지역구,,3선,
김영숙,17,한나라당,,비례대표,,초선,
이경숙,17,열린우리당,,비례대표,,초선,
이군현,17,한나라당,,비례대표,,4선,
정봉주,17,열린우리당,,지역구,,초선,
정문헌,17,한나라당,,지역구,,재선,
최재성,17,열린우리당,,지역구,,4선,
임해규,17,한나라당,,지역구,,재선,
이은영,17,열린우리당,,비례대표,,초선,
김교흥,17,열린우리당,,지역구,,3선,
안민석,17,열린우리당,,지역구,,5선,
최순영,17,민주노동당,,비례대표,,초선,
김교흥,18,더불어민주당,,,,3선,
김영숙,18,한나라당,,,,초선,
이은영,18,열린우리당,,,,초선,
이군현,18,한나라당,,지역구,,4선,
이경숙,18,민주정의당,,,,,
주호영,18,한나라당,,지역구,,6선,
양형일,18,열린우리당,,,,초선,
최순영,18,민주노동당,,,,초선,
천정배,18,통합민주당,,지역구,,6선,
정문헌,18,새누리당,,,,재선,
유기홍,18,더불어민주당,,,,3선,
이원복,18,한나라당,,,,재선,
김낙순,18,열린우리당,,,,초선,
민병두,18,더불어민주당,,,,3선,
안민석,18,통합민주당,,지역구,,5선,
송영선,17,한나라당,,비례대표,,재선,
공성진,17,한나라당,,지역구,,재선,
황진하,17,한나라당,,비례대표,,3선,
조성태,17,열린우리당,,비례대표,,초선,
김학송,17,한나라당,,지역구,,3선,
김진표,17,열린우리당,,지역구,,5선,
이성구,17,한나라당,,비례대표,,초선,
이인제,17,자유민주연합,,지역구,,6선,
이근식,17,열린우리당,,지역구,,초선,
김송자,17,민주당,,비례대표,,초선,
고조흥,17,한나라당,,지역구,,초선,
원혜영,17,열린우리당,,지역구,,5선,
안영근,17,열린우리당,,지역구,,재선,
조성태,18,열린우리당,,,,초선,
송영선,18,친박연대,,비례대표,,재선,
이근식,18,열린우리당,,,,초선,
맹형규,18,한나라당,,,,4선,
류재건,18,,,,,,
김학송,18,한나라당,,지역구,,3선,
박찬석,18,열린우리당,,,,초선,
이성구,18,한나라당,,,,초선,
원혜영,18,통합민주당,,지역구,,5선,
고조흥,18,한나라당,,,,초선,
김명자,18,열린우리당,,,,초선,
공성진,18,한나라당,,지역구,,재선,
김송자,18,민주당,,,,초선,
황진하,18,한나라당,,지역구,,3선,
최철국,17,열린우리당,,지역구,,재선,
박기춘,17,열린우리당,,지역구,,3선,
지병문,17,열린우리당,,지역구,,초선,
진수희,17,한나라당,,비례대표,,재선,
조일현,17,열린우리당,,지역구,,재선,
신상진,17,한나라당,,지역구,,4선,
김충환,17,한나라당,,지역구,,재선,
노웅래,17,열린우리당,,지역구,,4선,
선병렬,17,열린우리당,,지역구,,초선,
김영덕,17,한나라당,,지역구,,초선,
안경률,17,한나라당,,지역구,,3선,
김현미,17,열린우리당,,비례대표,,3선,
강기갑,17,민주노동당,,비례대표,,재선,
이강두,17,한나라당,,지역구,,4선,
한광원,17,열린우리당,,지역구,,초선,
조경태,17,열린우리당,,지역구,,6선,
이계진,17,한나라당,,지역구,,재선,
김우남,17,열린우리당,,지역구,,3선,
우윤근,17,열린우리당,,지역구,,3선,
신중식,17,열린우리당,,지역구,,초선,
이방호,17,한나라당,,지역구,,재선,
최규성,17,열린우리당,,지역구,,3선,
김형오,17,한나라당,,지역구,,5선,
이영호,17,열린우리당,,지역구,,초선,
홍문표,17,한나라당,,지역구,,4선,
김낙성,17,자유민주연합,,지역구,,재선,
정세균,17,열린우리당,,지역구,,6선,
김홍업,17,민주당,,지역구,,초선,
우상호,17,열린우리당,,지역구,,4선,
최구식,17,한나라당,,지역구,,재선,
이광철,17,열린우리당,,지역구,,초선,
손봉숙,17,새천년민주당,,비례대표,,초선,
이재오,17,한나라당,,지역구,,5선,
정청래,17,열린우리당,,지역구,,4선,
천영세,17,민주노동당,,비례대표,,초선,
강혜숙,17,열린우리당,,비례대표,,초선,
정병국,17,한나라당,,지역구,,5선,
김재윤,17,열린우리당,,지역구,,3선,
정종복,17,한나라당,,지역구,,초선,
박형준,17,한나라당,,지역구,,초선,
박찬숙,17,한나라당,,비례대표,,초선,
윤원호,17,열린우리당,,비례대표,,초선,
이재웅,17,한나라당,,지역구,,초선,
김재홍,17,열린우리당,,비례대표,,초선,
전여옥,17,한나라당,,비례대표,,재선,
류선호,17,,,,,,
전병헌,17,열린우리당,,지역구,,3선,
장윤석,17,한나라당,,지역구,,3선,
김희선,17,열린우리당,,지역구,,재선,
정청래,18,더불어민주당,,,,4선,
심재철,18,한나라당,,지역구,,5선,
전병헌,18,통합민주당,,지역구,,3선,
류선호,18,,,,,,
정병국,18,한나라당,,지역구,,5선,
우상호,18,더불어민주당,,,,4선,
이재웅,18,한나라당,,,,초선,
손봉숙,18,새천년민주당,,,,초선,
이광철,18,열린우리당,,,,초선,
장윤석,18,한나라당,,지역구,,3선,
윤원호,18,열린우리당,,,,초선,
천영세,18,민주노동당,,,,초선,
전여옥,18,한나라당,,지역구,,재선,
김재윤,18,통합민주당,,지역구,,3선,
정종복,18,한나라당,,,,초선,
지병문,18,열린우리당,,,,초선,
박찬숙,18,한나라당,,,,초선,
최구식,18,무소속,,지역구,,재선,
김희선,18,열린우리당,,,,재선,
강혜숙,18,열린우리당,,,,초선,
김형주,18,열린우리당,,,,초선,
김동철,17,열린우리당,,지역구,,4선,
김명주,17,한나라당,,지역구,,초선,
김한길,17,열린우리당,,지역구,,4선,
이주영,17,한나라당,,지역구,,5선,
문병호,17,열린우리당,,지역구,,재선,
최병국,17,한나라당,,지역구,,3선,
조순형,17,민주당,,지역구,,7선,
이상경,17,열린우리당,,지역구,,초선,
이상민,17,열린우리당,,지역구,,5선,
이용희,17,열린우리당,,지역구,,5선,
박세환,17,한나라당,,지역구,,초선,
문병호,18,민주통합당,,,,재선,
이주영,18,한나라당,,지역구,,5선,
조순형,18,자유선진당,,비례대표,,7선,
이재오,18,한나라당,,지역구,,5선,
선병렬,18,열린우리당,,,,초선,
김명주,18,한나라당,,,,초선,
노회찬,18,정의당,,,,3선,
김동철,18,통합민주당,,지역구,,4선,
박세환,18,한나라당,,,,,
이상민,18,자유선진당,,지역구,,5선,
주성영,18,한나라당,,지역구,,재선,
나경원,18,한나라당,,지역구,,5선,
이용희,18,자유선진당,,지역구,,5선,
최재천,18,민주통합당,,,,재선,
김종률,18,통합민주당,,지역구,,재선,
김덕규,17,열린우리당,,지역구,,5선,
전재희,17,한나라당,,지역구,,4선,
장향숙,17,열린우리당,,비례대표,,초선,
현애자,17,민주노동당,,비례대표,,초선,
김종인,17,새천년민주당,,비례대표,,5선,
강기정,17,열린우리당,,지역구,,3선,
고경화,17,한나라당,,비례대표,,초선,
김선미,17,열린우리당,,지역구,,초선,
문희,17,한나라당,,비례대표,,초선,
김춘진,17,열린우리당,,지역구,,3선,
박재완,17,한나라당,,비례대표,,초선,
정형근,17,한나라당,,지역구,,3선,
백원우,17,열린우리당,,지역구,,재선,
이기우,17,열린우리당,,지역구,,초선,
정화원,17,한나라당,,비례대표,,초선,
안명옥,17,한나라당,,비례대표,,초선,
장복심,17,열린우리당,,비례대표,,초선,
김병호,17,한나라당,,지역구,,재선,
양승조,17,열린우리당,,지역구,,4선,
장복심,18,열린우리당,,,,초선,
전재희,18,한나라당,,지역구,,4선,
장향숙,18,열린우리당,,,,초선,
정화원,18,한나라당,,,,초선,
현애자,18,민주노동당,,,,초선,
강기정,18,통합민주당,,지역구,,3선,
김충환,18,한나라당,,지역구,,재선,
노웅래,18,더불어민주당,,,,4선,
고경화,18,한나라당,,,,초선,
김춘진,18,통합민주당,,지역구,,3선,
정형근,18,한나라당,,,,3선,
장경수,18,열린우리당,,,,초선,
문희,18,통합민주당,,지역구,,6선,
이기우,18,열린우리당,,,,초선,
안명옥,18,한나라당,,,,초선,
백원우,18,통합민주당,,지역구,,재선,
양승조,18,통합민주당,,지역구,,4선,
서갑원,17,열린우리당,,지역구,,재선,
박순자,17,한나라당,,비례대표,,3선,
오영식,17,열린우리당,,지역구,,3선,
이상열,17,새천년민주당,,지역구,,초선,
김기현,17,한나라당,,지역구,,5선,
곽성문,17,한나라당,,지역구,,초선,
이윤성,17,한나라당,,지역구,,4선,
김태홍,17,열린우리당,,지역구,,재선,
이병석,17,한나라당,,지역구,,4선,
김성곤,17,열린우리당,,지역구,,4선,
이규택,17,한나라당,,지역구,,4선,
김태년,17,열린우리당,,지역구,,5선,
배기선,17,열린우리당,,지역구,,3선,
서갑원,18,통합민주당,,지역구,,재선,
조정식,18,통합민주당,,지역구,,6선,
이성권,18,국민의힘,,,,재선,
김덕규,18,열린우리당,,,,5선,
김성조,18,한나라당,,지역구,,3선,
오영식,18,민주통합당,,,,3선,
우제항,18,열린우리당,,,,초선,
임종인,18,열린우리당,,,,초선,
최용규,18,열린우리당,,,,재선,
노영민,18,통합민주당,,지역구,,3선,
이상열,18,새천년민주당,,,,초선,
이명규,18,한나라당,,지역구,,재선,
곽성문,18,한나라당,,,,초선,
김영주,18,더불어민주당,,,,,
제종길,18,열린우리당,,,,초선,
김기현,18,한나라당,,지역구,,5선,
박영선,18,통합민주당,,지역구,,4선,
신명,18,열린우리당,,,,초선,
강봉균,17,열린우리당,,지역구,,3선,
이한구,17,한나라당,,지역구,,4선,
박명광,17,열린우리당,,비례대표,,초선,
윤건영,17,한나라당,,비례대표,,초선,
채수찬,17,열린우리당,,지역구,,초선,
최경환,17,한나라당,,지역구,,4선,
이미경,17,열린우리당,,지역구,,5선,
유승민,17,한나라당,,비례대표,,5선,
심상정,17,민주노동당,,비례대표,,4선,
박영선,17,열린우리당,,비례대표,,4선,
이혜훈,17,한나라당,,지역구,,3선,
송영길,17,열린우리당,,지역구,,5선,
서병수,17,한나라당,,지역구,,5선,
신국환,17,무소속,,지역구,,초선,
정덕구,17,열린우리당,,비례대표,,초선,
원희룡,17,한나라당,,지역구,,3선,
오제세,17,열린우리당,,지역구,,4선,
임태희,17,한나라당,,지역구,,3선,
이목희,17,열린우리당,,지역구,,재선,
엄호성,17,한나라당,,지역구,,재선,
우제창,17,열린우리당,,지역구,,재선,
문석호,17,열린우리당,,지역구,,재선,
우제창,18,통합민주당,,지역구,,재선,
안택수,18,한나라당,,,,3선,
강봉균,18,통합민주당,,지역구,,3선,
윤건영,18,더불어민주당,,,,,
신국환,18,무소속,,,,초선,
유승민,18,한나라당,,지역구,,5선,
박명광,18,열린우리당,,,,초선,
이한구,18,한나라당,,지역구,,4선,
이목희,18,민주통합당,,,,재선,
심상정,18,정의당,,,,4선,
최경환,18,한나라당,,지역구,,4선,
채수찬,18,열린우리당,,,,초선,
서병수,18,한나라당,,지역구,,5선,
이미경,18,통합민주당,,지역구,,5선,
엄호성,18,한나라당,,,,재선,
송영길,18,통합민주당,,지역구,,5선,
이혜훈,18,한나라당,,지역구,,3선,
문학진,18,통합민주당,,지역구,,재선,
김종인,18,더불어민주당,,,,5선,
오제세,18,통합민주당,,지역구,,4선,
문석호,18,열린우리당,,,,재선,
이종구,18,한나라당,,지역구,,3선,
최성,17,열린우리당,,지역구,,초선,
정의용,17,열린우리당,,비례대표,,초선,
남경필,17,한나라당,,지역구,,5선,
박종근,17,한나라당,,지역구,,4선,
권영길,17,민주노동당,,지역구,,재선,
김덕룡,17,한나라당,,지역구,,5선,
정동채,17,열린우리당,,지역구,,3선,
박진,17,한나라당,,지역구,,4선,
최재천,17,열린우리당,,지역구,,재선,
김무성,17,한나라당,,지역구,,6선,
김용갑,17,한나라당,,지역구,,3선,
임종석,17,열린우리당,,지역구,,재선,
이해봉,17,한나라당,,지역구,,4선,
고흥길,17,한나라당,,지역구,,3선,
권영세,17,한나라당,,지역구,,5선,
정몽준,17,국민통합21,,지역구,,7선,
한명숙,18,민주통합당,,,,3선,
박진,18,한나라당,,지역구,,4선,
장영달,18,열린우리당,,,,4선,
김덕룡,18,한나라당,,,,5선,
정동채,18,열린우리당,,,,3선,
정몽준,18,한나라당,,지역구,,7선,
배기선,18,열린우리당,,,,3선,
김용갑,18,한나라당,,,,3선,
최성,18,열린우리당,,,,,
김광원,18,한나라당,,,,3선,
이강래,18,통합민주당,,지역구,,3선,
김무성,18,무소속,,지역구,,6선,
정의용,18,열린우리당,,,,초선,
고흥길,18,한나라당,,지역구,,3선,
이화영,18,열린우리당,,,,초선,
권영세,18,한나라당,,지역구,,5선,
진영,18,한나라당,,지역구,,4선,
남경필,18,한나라당,,지역구,,5선,
박희태,18,한나라당,,지역구,,6선,
김원기,18,열린우리당,,,,6선,
양형일,17,열린우리당,,지역구,,초선,
김정권,17,한나라당,,지역구,,재선,
노현송,17,열린우리당,,지역구,,초선,
정진섭,17,한나라당,,지역구,,재선,
최규식,17,열린우리당,,지역구,,재선,
유기준,17,한나라당,,지역구,,4선,
조성래,17,열린우리당,,비례대표,,초선,
우제항,17,열린우리당,,지역구,,초선,
김기춘,17,한나라당,,지역구,,3선,
홍미영,17,열린우리당,,비례대표,,초선,
강창일,17,열린우리당,,지역구,,4선,
유인태,17,열린우리당,,지역구,,3선,
권오을,17,한나라당,,지역구,,3선,
최연희,17,한나라당,,지역구,,4선,
최인기,17,무소속,,지역구,,재선,
황우여,17,한나라당,,지역구,,5선,
김부겸,17,열린우리당,,지역구,,4선,
권경석,17,한나라당,,지역구,,재선,
심재덕,17,열린우리당,,지역구,,초선,
박근혜,17,한나라당,,지역구,,5선,
이상배,17,한나라당,,지역구,,3선,
정갑윤,17,한나라당,,지역구,,5선,
이인영,17,열린우리당,,지역구,,5선,
정갑윤,18,한나라당,,지역구,,5선,
정성호,18,더불어민주당,,,,5선,
최연희,18,무소속,,지역구,,4선,
김한길,18,민주통합당,,,,4선,
권경석,18,한나라당,,지역구,,재선,
최규식,18,통합민주당,,지역구,,재선,
김기춘,18,한나라당,,,,3선,
홍미영,18,열린우리당,,,,초선,
김부겸,18,통합민주당,,지역구,,4선,
김재원,18,조국혁신당,,,,,
노현송,18,열린우리당,,,,초선,
김정권,18,한나라당,,지역구,,재선,
이상배,18,한나라당,,,,3선,
윤호중,18,더불어민주당,,,,5선,
안경률,18,한나라당,,지역구,,3선,
유기준,18,무소속,,지역구,,4선,
최인기,18,통합민주당,,지역구,,재선,
박기춘,18,통합민주당,,지역구,,3선,
정두언,17,한나라당,,지역구,,3선,
김형주,17,열린우리당,,지역구,,초선,
단병호,17,민주노동당,,비례대표,,초선,
우원식,17,열린우리당,,지역구,,5선,
김영주,17,열린우리당,,비례대표,,4선,
배일도,17,한나라당,,비례대표,,초선,
조정식,17,열린우리당,,지역구,,6선,
제종길,17,열린우리당,,지역구,,초선,
김영대,18,대통합민주신당,,,,초선,
고희선,18,새누리당,,,,재선,
단병호,18,민주노동당,,,,초선,
안홍준,18,한나라당,,지역구,,3선,
우원식,18,더불어민주당,,,,5선,
배일도,18,한나라당,,,,초선,
이경재,18,무소속,,지역구,,4선,
조성래,18,열린우리당,,,,초선,
정진섭,18,한나라당,,지역구,,재선,
신기남,18,민주통합당,,,,4선,
김상희,18,통합민주당,,비례대표,,4선,
서상기,18,한나라당,,지역구,,3선,
박보환,18,한나라당,,지역구,,초선,
김유정,18,통합민주당,,비례대표,,초선,
박영아,18,한나라당,,지역구,,초선,
권영길,18,민주노동당,,지역구,,재선,
배은희,18,한나라당,,비례대표,,초선,
김영진,18,통합민주당,,지역구,,5선,
임해규,18,한나라당,,지역구,,재선,
조전혁,18,한나라당,,지역구,,초선,
유성엽,18,무소속,,지역구,,3선,
주광덕,18,한나라당,,지역구,,재선,
김선동,18,한나라당,,지역구,,재선,
김세연,18,무소속,,지역구,,3선,
김장수,18,한나라당,,비례대표,,초선,
김옥이,18,한나라당,,비례대표,,초선,
이진삼,18,자유선진당,,지역구,,초선,
홍준표,18,한나라당,,지역구,,5선,
문희상,18,통합민주당,,지역구,,6선,
이윤성,18,한나라당,,지역구,,4선,
서종표,18,통합민주당,,비례대표,,초선,
심대평,18,자유선진당,,지역구,,재선,
김영우,18,한나라당,,지역구,,3선,
안규백,18,통합민주당,,비례대표,,5선,
김동성,18,한나라당,,지역구,,초선,
정동영,18,무소속,,지역구,,5선,
정미경,18,한나라당,,지역구,,재선,
정의화,18,한나라당,,지역구,,5선,
박상천,18,통합민주당,,지역구,,5선,
한기호,18,한나라당,,지역구,,4선,
신학용,18,통합민주당,,지역구,,3선,
김희철,18,통합민주당,,지역구,,초선,
이인제,18,무소속,,지역구,,6선,
백재현,18,통합민주당,,지역구,,3선,
백성운,18,한나라당,,지역구,,초선,
현기환,18,한나라당,,지역구,,초선,
이찬열,18,민주당,,지역구,,3선,
최규성,18,통합민주당,,지역구,,3선,
김성태,18,한나라당,,지역구,,3선,
박순자,18,한나라당,,지역구,,3선,
강기갑,18,민주노동당,,지역구,,재선,
이학재,18,한나라당,,지역구,,3선,
이한성,18,한나라당,,지역구,,재선,
김진애,18,민주당,,비례대표,,재선,
장광근,18,한나라당,,지역구,,3선,
장제원,18,한나라당,,지역구,,3선,
조원진,18,친박연대,,지역구,,3선,
김용태,18,한나라당,,지역구,,3선,
이춘석,18,통합민주당,,지역구,,4선,
박지원,18,무소속,,지역구,,5선,
김학용,18,한나라당,,지역구,,4선,
전현희,18,통합민주당,,비례대표,,3선,
권선택,18,자유선진당,,지역구,,재선,
김태원,18,한나라당,,지역구,,재선,
권성동,18,한나라당,,지역구,,5선,
김성회,18,한나라당,,지역구,,초선,
조영택,18,통합민주당,,지역구,,초선,
손숙미,18,한나라당,,비례대표,,초선,
이정희,18,민주노동당,,비례대표,,초선,
이진복,18,무소속,,지역구,,3선,
정옥임,18,한나라당,,비례대표,,초선,
홍영표,18,민주당,,지역구,,4선,
김재윤,19,민주통합당,,지역구,,3선,
박영아,19,한나라당,,,,초선,
안규백,19,민주통합당,,지역구,,5선,
유일호,19,새누리당,,지역구,,재선,
홍영표,19,민주통합당,,지역구,,4선,
이상권,19,한나라당,,,,초선,
강기갑,19,민주노동당,,,,재선,
이정선,19,한나라당,,,,초선,
황영철,19,새누리당,,지역구,,3선,
노영민,19,민주통합당,,지역구,,3선,
김낙성,19,자유선진당,,,,재선,
이화수,19,한나라당,,,,초선,
박우순,19,민주당,,,,초선,
유재중,19,새누리당,,지역구,,3선,
김광림,19,새누리당,,지역구,,3선,
김세연,19,새누리당,,지역구,,3선,
김진표,19,민주통합당,,지역구,,5선,
이윤석,19,민주통합당,,지역구,,재선,
나성린,18,한나라당,,비례대표,,재선,
임영호,18,자유선진당,,지역구,,초선,
김효석,18,통합민주당,,지역구,,3선,
진수희,18,한나라당,,지역구,,재선,
박병석,18,통합민주당,,지역구,,6선,
강운태,18,무소속,,지역구,,재선,
김성식,18,한나라당,,지역구,,재선,
박종근,18,친박연대,,지역구,,4선,
배영식,18,한나라당,,지역구,,초선,
양정례,18,친박연대,,비례대표,,초선,
강성종,18,통합민주당,,지역구,,재선,
안효대,18,한나라당,,지역구,,재선,
김광림,18,무소속,,지역구,,3선,
정양석,18,한나라당,,지역구,,재선,
차명진,18,한나라당,,지역구,,재선,
이광재,18,통합민주당,,지역구,,3선,
류근찬,18,자유선진당,,지역구,,재선,
김영록,18,무소속,,지역구,,재선,
성윤환,18,무소속,,지역구,,초선,
신성범,18,한나라당,,지역구,,3선,
여상규,18,한나라당,,지역구,,3선,
윤영,18,한나라당,,지역구,,초선,
정해걸,18,무소속,,지역구,,초선,
조진래,18,한나라당,,지역구,,초선,
황영철,18,한나라당,,지역구,,3선,
송훈석,18,무소속,,지역구,,3선,
김우남,18,통합민주당,,지역구,,3선,
강석호,18,한나라당,,지역구,,3선,
김성수,18,한나라당,,지역구,,초선,
정범구,18,민주당,,지역구,,재선,
진성호,18,한나라당,,지역구,,초선,
최문순,18,통합민주당,,비례대표,,초선,
허원제,18,한나라당,,지역구,,초선,
김을동,18,친박연대,,비례대표,,재선,
홍사덕,18,친박연대,,지역구,,6선,
강승규,18,한나라당,,지역구,,재선,
최종원,18,민주당,,지역구,,초선,
김성동,18,한나라당,,비례대표,,초선,
이용경,18,창조한국당,,비례대표,,초선,
안형환,18,한나라당,,지역구,,초선,
이병석,18,한나라당,,지역구,,4선,
장병완,18,민주통합당,,지역구,,3선,
이철우,18,한나라당,,지역구,,3선,
조윤선,18,한나라당,,비례대표,,초선,
조진형,18,한나라당,,지역구,,3선,
전혜숙,18,통합민주당,,비례대표,,3선,
김창수,18,자유선진당,,지역구,,초선,
손범규,18,한나라당,,지역구,,초선,
박민식,18,한나라당,,지역구,,재선,
홍일표,18,한나라당,,지역구,,3선,
노철래,18,친박연대,,비례대표,,재선,
최병국,18,한나라당,,지역구,,3선,
우윤근,18,통합민주당,,지역구,,3선,
박준선,18,한나라당,,지역구,,초선,
이정현,18,한나라당,,비례대표,,3선,
이은재,18,한나라당,,비례대표,,재선,
이상권,18,한나라당,,지역구,,초선,
신지호,18,한나라당,,지역구,,초선,
이두아,18,한나라당,,비례대표,,초선,
김학재,18,민주당,,비례대표,,초선,
박은수,18,통합민주당,,비례대표,,초선,
최영희,18,통합민주당,,비례대표,,초선,
김금래,18,한나라당,,비례대표,,초선,
원희목,18,한나라당,,비례대표,,초선,
유재중,18,무소속,,지역구,,3선,
윤석용,18,한나라당,,지역구,,초선,
이애주,18,한나라당,,비례대표,,초선,
이춘식,18,한나라당,,비례대표,,초선,
추미애,18,통합민주당,,지역구,,6선,
정하균,18,친박연대,,비례대표,,초선,
이해봉,18,무소속,,지역구,,4선,
곽정숙,18,민주노동당,,비례대표,,초선,
강명순,18,한나라당,,비례대표,,초선,
신상진,18,한나라당,,지역구,,4선,
김혜성,18,친박연대,,비례대표,,초선,
김소남,18,한나라당,,비례대표,,초선,
이정선,18,한나라당,,비례대표,,초선,
박선영,18,자유선진당,,비례대표,,초선,
이화수,18,한나라당,,지역구,,초선,
홍정욱,18,한나라당,,지역구,,초선,
박주선,18,통합민주당,,지역구,,4선,
구상찬,18,한나라당,,지역구,,초선,
신낙균,18,통합민주당,,비례대표,,재선,
최재성,18,통합민주당,,지역구,,4선,
김형오,18,한나라당,,지역구,,5선,
김효재,18,한나라당,,지역구,,초선,
윤상현,18,한나라당,,지역구,,5선,
김호연,18,한나라당,,지역구,,초선,
송민순,18,통합민주당,,비례대표,,초선,
이상득,18,한나라당,,지역구,,6선,
안상수,18,한나라당,,지역구,,4선,
이회창,18,자유선진당,,지역구,,4선,
박선숙,18,통합민주당,,비례대표,,재선,
이성남,18,통합민주당,,비례대표,,초선,
조문환,18,한나라당,,비례대표,,초선,
박상돈,18,자유선진당,,지역구,,재선,
권택기,18,한나라당,,지역구,,초선,
유원일,18,창조한국당,,비례대표,,초선,
이석현,18,통합민주당,,지역구,,6선,
조경태,18,통합민주당,,지역구,,6선,
고승덕,18,한나라당,,지역구,,초선,
신건,18,무소속,,지역구,,초선,
현경병,18,한나라당,,지역구,,초선,
이사철,18,한나라당,,지역구,,재선,
이성헌,18,한나라당,,지역구,,재선,
김정훈,18,한나라당,,지역구,,4선,
임동규,18,한나라당,,비례대표,,초선,
이종혁,18,한나라당,,지역구,,초선,
조승수,18,진보신당,,지역구,,재선,
강용석,18,한나라당,,지역구,,초선,
최철국,18,통합민주당,,지역구,,재선,
김용구,18,자유선진당,,비례대표,,초선,
김태환,18,무소속,,지역구,,3선,
김재균,18,통합민주당,,지역구,,초선,
이영애,18,자유선진당,,비례대표,,초선,
정태근,18,한나라당,,지역구,,초선,
원희룡,18,한나라당,,지역구,,3선,
정영희,18,친박연대,,비례대표,,초선,
김태호,18,한나라당,,지역구,,4선,
김낙성,18,자유선진당,,지역구,,재선,
김진표,18,통합민주당,,지역구,,5선,
유정현,18,한나라당,,지역구,,초선,
정수성,18,무소속,,지역구,,재선,
김충조,18,통합민주당,,비례대표,,5선,
이윤석,18,무소속,,지역구,,재선,
이범래,18,한나라당,,지역구,,초선,
강성천,18,한나라당,,비례대표,,초선,
홍희덕,18,민주노동당,,비례대표,,초선,
박대해,18,친박연대,,지역구,,초선,
조해진,18,한나라당,,지역구,,3선,
이범관,18,한나라당,,지역구,,초선,
신영수,18,한나라당,,지역구,,초선,
김태년,19,민주통합당,,지역구,,5선,
정진후,19,통합진보당,,비례대표,,초선,
이군현,19,새누리당,,지역구,,4선,
현영희,19,새누리당,,비례대표,,초선,
박성호,19,새누리당,,지역구,,초선,
우원식,19,민주통합당,,지역구,,5선,
이상민,19,민주통합당,,지역구,,5선,
박인숙,19,새누리당,,지역구,,재선,
김상희,19,민주통합당,,지역구,,4선,
서상기,19,새누리당,,지역구,,3선,
민병주,19,새누리당,,비례대표,,초선,
박혜자,19,민주통합당,,지역구,,초선,
이에리사,19,새누리당,,비례대표,,초선,
박홍근,19,민주통합당,,지역구,,4선,
이학재,19,새누리당,,지역구,,3선,
황우여,19,새누리당,,지역구,,5선,
유성엽,19,무소속,,지역구,,3선,
강은희,19,새누리당,,비례대표,,초선,
유은혜,19,민주통합당,,지역구,,재선,
김태원,19,새누리당,,지역구,,재선,
이용섭,19,민주통합당,,지역구,,재선,
유기홍,19,민주통합당,,지역구,,3선,
배재정,19,민주통합당,,비례대표,,초선,
김회선,19,새누리당,,지역구,,초선,
안홍준,19,새누리당,,지역구,,3선,
박대출,19,새누리당,,지역구,,4선,
박창식,19,새누리당,,비례대표,,초선,
서용교,19,새누리당,,지역구,,초선,
안민석,19,민주통합당,,지역구,,5선,
신의진,19,새누리당,,비례대표,,초선,
염동열,19,새누리당,,지역구,,재선,
유인태,19,민주통합당,,지역구,,3선,
조정식,19,민주통합당,,지역구,,6선,
윤재옥,19,새누리당,,지역구,,4선,
윤관석,19,민주통합당,,지역구,,3선,
이상일,19,새누리당,,비례대표,,초선,
도종환,19,민주통합당,,비례대표,,3선,
이종훈,19,새누리당,,지역구,,초선,
박주선,19,무소속,,지역구,,4선,
신성범,19,새누리당,,지역구,,3선,
한선교,19,새누리당,,지역구,,4선,
김학용,19,새누리당,,지역구,,4선,
문재인,19,민주통합당,,지역구,,초선,
한기호,19,새누리당,,지역구,,4선,
백군기,19,민주통합당,,비례대표,,초선,
송영근,19,새누리당,,비례대표,,초선,
주호영,19,새누리당,,지역구,,6선,
윤후덕,19,민주통합당,,지역구,,4선,
손인춘,19,새누리당,,비례대표,,초선,
진성준,19,민주통합당,,비례대표,,3선,
김성찬,19,새누리당,,지역구,,재선,
김광진,19,민주통합당,,비례대표,,초선,
함진규,19,새누리당,,지역구,,재선,
박덕흠,19,새누리당,,지역구,,4선,
강동원,19,통합진보당,,지역구,,초선,
김성태,19,새누리당,,지역구,,3선,
김경협,19,민주통합당,,지역구,,3선,
이찬열,19,민주통합당,,지역구,,3선,
하태경,19,새누리당,,지역구,,3선,
민홍철,19,민주통합당,,지역구,,4선,
이언주,19,민주통합당,,지역구,,3선,
이우현,19,새누리당,,지역구,,재선,
변재일,19,민주통합당,,지역구,,5선,
신상진,19,새누리당,,지역구,,4선,
신기남,19,민주통합당,,지역구,,4선,
이노근,19,새누리당,,지역구,,초선,
이미경,19,민주통합당,,지역구,,5선,
박수현,19,민주통합당,,지역구,,재선,
이헌승,19,새누리당,,지역구,,4선,
주영순,19,새누리당,,비례대표,,초선,
천정배,19,무소속,,지역구,,6선,
김희국,19,새누리당,,지역구,,재선,
윤진식,19,새누리당,,지역구,,재선,
안효대,19,새누리당,,지역구,,재선,
임내현,19,민주통합당,,지역구,,초선,
이이재,19,새누리당,,지역구,,초선,
이장우,19,새누리당,,지역구,,재선,
김관영,19,민주통합당,,지역구,,재선,
이종진,19,새누리당,,지역구,,초선,
신장용,19,민주통합당,,지역구,,초선,
이철우,19,새누리당,,지역구,,3선,
오병윤,19,통합진보당,,지역구,,초선,
조현룡,19,새누리당,,지역구,,초선,
이명수,19,자유선진당,,지역구,,4선,
홍문종,19,새누리당,,지역구,,4선,
강석호,19,새누리당,,지역구,,3선,
김태흠,19,새누리당,,지역구,,3선,
문병호,19,민주통합당,,지역구,,재선,
박상은,19,새누리당,,지역구,,재선,
심재철,19,새누리당,,지역구,,5선,
박기춘,19,민주통합당,,지역구,,3선,
김현미,19,민주통합당,,지역구,,3선,
나성린,19,새누리당,,지역구,,재선,
설훈,19,민주통합당,,지역구,,5선,
김태호,19,새누리당,,지역구,,4선,
윤호중,19,민주통합당,,지역구,,5선,
박원석,19,통합진보당,,비례대표,,초선,
류성걸,19,새누리당,,지역구,,재선,
이낙연,19,민주통합당,,지역구,,5선,
서병수,19,새누리당,,지역구,,5선,
이인영,19,민주통합당,,지역구,,5선,
안종범,19,새누리당,,비례대표,,초선,
정성호,19,민주통합당,,지역구,,5선,
이만우,19,새누리당,,비례대표,,초선,
이재영,19,새누리당,,비례대표,,초선,
최재성,19,민주통합당,,지역구,,4선,
김재연,19,통합진보당,,비례대표,,초선,
이한성,19,새누리당,,지역구,,재선,
홍종학,19,민주통합당,,비례대표,,초선,
최경환,19,새누리당,,지역구,,4선,
오제세,19,민주통합당,,지역구,,4선,
박범계,19,민주통합당,,지역구,,4선,
박명재,19,새누리당,,지역구,,재선,
신계륜,19,민주통합당,,지역구,,4선,
이한구,19,새누리당,,지역구,,4선,
박영선,19,민주통합당,,지역구,,4선,
정문헌,19,새누리당,,지역구,,재선,
조명철,19,새누리당,,비례대표,,초선,
김영록,19,민주통합당,,지역구,,재선,
강석훈,19,새누리당,,지역구,,초선,
김관영,20,국민의당,,지역구,,재선,
김광림,20,새누리당,,지역구,,3선,
김영록,20,민주통합당,,,,재선,
김태흠,20,새누리당,,지역구,,3선,
김현미,20,더불어민주당,,지역구,,3선,
나성린,20,새누리당,,,,재선,
박광온,20,더불어민주당,,지역구,,3선,
류성걸,20,미래통합당,,,,재선,
박범계,20,더불어민주당,,지역구,,4선,
박맹우,20,새누리당,,지역구,,재선,
박영선,20,더불어민주당,,지역구,,4선,
박명재,20,새누리당,,지역구,,재선,
신계륜,20,민주통합당,,,,4선,
심재철,20,새누리당,,지역구,,5선,
오제세,20,더불어민주당,,지역구,,4선,
이만우,20,민주당,,,,,
박원석,20,통합진보당,,,,초선,
정문헌,20,새누리당,,,,재선,
홍종학,20,민주통합당,,,,초선,
조명철,20,새누리당,,,,초선,
윤호중,20,더불어민주당,,지역구,,5선,
강석훈,20,새누리당,,,,초선,
최재성,20,더불어민주당,,지역구,,4선,
김우남,19,민주통합당,,지역구,,3선,
김춘진,19,민주통합당,,지역구,,3선,
윤명희,19,새누리당,,비례대표,,초선,
박민수,19,민주통합당,,지역구,,초선,
장윤석,19,새누리당,,지역구,,3선,
배기운,19,민주통합당,,지역구,,재선,
황주홍,19,민주통합당,,지역구,,재선,
홍문표,19,새누리당,,지역구,,4선,
김선동,19,통합진보당,,지역구,,재선,
이운룡,19,새누리당,,비례대표,,초선,
이인제,19,자유선진당,,지역구,,6선,
김재원,19,새누리당,,지역구,,3선,
경대수,19,새누리당,,지역구,,재선,
김승남,19,민주통합당,,지역구,,재선,
이완구,19,새누리당,,지역구,,3선,
이종배,19,새누리당,,지역구,,4선,
유승우,19,새누리당,,지역구,,초선,
안덕수,19,새누리당,,지역구,,초선,
신정훈,19,새정치민주연합,,지역구,,3선,
최규성,19,민주통합당,,지역구,,3선,
김종태,19,새누리당,,지역구,,재선,
신문식,19,새정치민주연합,,비례대표,,초선,
안상수,19,새누리당,,지역구,,3선,
노웅래,19,민주통합당,,지역구,,4선,
김을동,19,새누리당,,지역구,,재선,
남경필,19,새누리당,,지역구,,5선,
김윤덕,19,민주통합당,,지역구,,3선,
이석기,19,통합진보당,,비례대표,,초선,
장병완,19,민주통합당,,지역구,,3선,
유승희,19,민주통합당,,지역구,,3선,
정세균,19,민주통합당,,지역구,,6선,
조해진,19,새누리당,,지역구,,3선,
전병헌,19,민주통합당,,지역구,,3선,
김장실,19,새누리당,,비례대표,,초선,
김희정,19,새누리당,,지역구,,3선,
김한길,19,민주통합당,,지역구,,4선,
최재천,19,민주통합당,,지역구,,재선,
김기현,19,새누리당,,지역구,,5선,
권은희,19,새누리당,,지역구,,초선,
최민희,19,민주통합당,,비례대표,,재선,
신경민,19,민주통합당,,지역구,,재선,
송호창,19,민주통합당,,지역구,,초선,
강길부,19,새누리당,,지역구,,4선,
김재경,19,새누리당,,지역구,,4선,
류지영,19,새누리당,,비례대표,,초선,
정호준,19,민주통합당,,지역구,,초선,
심학봉,19,새누리당,,지역구,,초선,
최원식,19,민주통합당,,지역구,,초선,
홍의락,19,민주통합당,,비례대표,,재선,
우상호,19,민주통합당,,지역구,,4선,
이춘석,19,민주통합당,,지역구,,4선,
서영교,19,민주통합당,,지역구,,4선,
서기호,19,통합진보당,,비례대표,,초선,
이주영,19,새누리당,,지역구,,5선,
김도읍,19,새누리당,,지역구,,4선,
김진태,19,새누리당,,지역구,,재선,
전해철,19,민주통합당,,지역구,,3선,
박지원,19,민주통합당,,지역구,,5선,
노철래,19,새누리당,,지역구,,재선,
정갑윤,19,새누리당,,지역구,,5선,
권성동,19,새누리당,,지역구,,5선,
홍일표,19,새누리당,,지역구,,3선,
이병석,19,새누리당,,지역구,,4선,
우윤근,19,민주통합당,,지역구,,3선,
김용익,19,민주통합당,,비례대표,,초선,
김성주,19,민주통합당,,지역구,,재선,
이목희,19,민주통합당,,지역구,,재선,
민현주,19,새누리당,,비례대표,,초선,
김정록,19,새누리당,,비례대표,,초선,
이학영,19,민주통합당,,지역구,,4선,
정몽준,19,새누리당,,지역구,,7선,
최동익,19,민주통합당,,비례대표,,초선,
문정림,19,자유선진당,,비례대표,,초선,
김명연,19,새누리당,,지역구,,재선,
신경림,19,새누리당,,비례대표,,초선,
양승조,19,민주통합당,,지역구,,4선,
김미희,19,통합진보당,,지역구,,초선,
김현숙,19,새누리당,,비례대표,,초선,
남인순,19,민주통합당,,비례대표,,4선,
안철수,19,무소속,,지역구,,4선,
김제남,20,통합진보당,,,,초선,
장윤석,20,새누리당,,,,3선,
전하진,20,새누리당,,,,초선,
홍익표,20,더불어민주당,,지역구,,3선,
백재현,20,더불어민주당,,지역구,,3선,
홍지만,20,새누리당,,,,초선,
주승용,20,국민의당,,지역구,,4선,
길정우,20,새누리당,,,,초선,
박완주,20,더불어민주당,,지역구,,3선,
이진복,20,새누리당,,지역구,,3선,
부좌현,20,민주통합당,,,,초선,
김종훈,20,무소속,,지역구,,초선,
오영식,20,민주통합당,,,,3선,
김동완,20,새누리당,,,,초선,
이원욱,20,더불어민주당,,지역구,,3선,
김상훈,20,새누리당,,지역구,,4선,
전순옥,20,민주통합당,,,,초선,
이현재,20,새누리당,,지역구,,재선,
이강후,20,새누리당,,,,초선,
이정현,20,새누리당,,지역구,,3선,
김한표,20,새누리당,,지역구,,재선,
이채익,20,새누리당,,지역구,,3선,
전정희,20,민주통합당,,,,초선,
조경태,20,새누리당,,지역구,,6선,
김현,19,민주통합당,,비례대표,,재선,
이재오,19,새누리당,,지역구,,5선,
진선미,19,민주통합당,,비례대표,,4선,
이상규,19,통합진보당,,지역구,,초선,
박성효,19,새누리당,,지역구,,초선,
김민기,19,민주통합당,,지역구,,3선,
김기선,19,새누리당,,지역구,,재선,
이해찬,19,민주통합당,,지역구,,7선,
박남춘,19,민주통합당,,지역구,,재선,
황인자,19,새누리당,,비례대표,,초선,
백재현,19,민주통합당,,지역구,,3선,
유대운,19,민주통합당,,지역구,,초선,
문희상,19,민주통합당,,지역구,,6선,
강기윤,19,새누리당,,지역구,,재선,
정청래,19,민주통합당,,지역구,,4선,
윤영석,19,새누리당,,지역구,,4선,
강창일,19,민주통합당,,지역구,,4선,
임수경,19,민주통합당,,비례대표,,초선,
조원진,19,새누리당,,지역구,,3선,
주승용,19,민주통합당,,지역구,,4선,
정용기,19,새누리당,,지역구,,재선,
정청래,20,더불어민주당,,,,4선,
정용기,20,새누리당,,지역구,,재선,
진선미,20,더불어민주당,,지역구,,4선,
황인자,20,새누리당,,,,초선,
노웅래,20,더불어민주당,,지역구,,4선,
이철우,20,새누리당,,지역구,,3선,
유대운,20,민주통합당,,,,초선,
김장실,20,새누리당,,,,초선,
강창일,20,더불어민주당,,지역구,,4선,
신의진,20,새누리당,,,,초선,
문희상,20,더불어민주당,,지역구,,6선,
강기윤,20,미래통합당,,,,재선,
박남춘,20,더불어민주당,,지역구,,재선,
김민기,20,더불어민주당,,지역구,,3선,
임수경,20,민주통합당,,,,초선,
윤영석,20,새누리당,,지역구,,4선,
인재근,19,민주통합당,,지역구,,3선,
김제남,19,통합진보당,,비례대표,,초선,
길정우,19,새누리당,,지역구,,초선,
전정희,19,민주통합당,,지역구,,초선,
이자스민,19,새누리당,,비례대표,,재선,
박윤옥,19,새누리당,,비례대표,,초선,
홍익표,19,민주통합당,,지역구,,3선,
박혜자,20,민주통합당,,,,초선,
남인순,20,더불어민주당,,지역구,,4선,
손인춘,20,새누리당,,,,초선,
류지영,20,새누리당,,,,초선,
장정은,20,새누리당,,,,초선,
박윤옥,20,새누리당,,,,초선,
이인영,20,더불어민주당,,지역구,,5선,
이자스민,20,정의당,,,,재선,
윤명희,20,새누리당,,,,초선,
심재권,19,민주통합당,,지역구,,3선,
황진하,19,새누리당,,지역구,,3선,
김성곤,19,민주통합당,,지역구,,4선,
김영우,19,새누리당,,지역구,,3선,
박병석,19,민주통합당,,지역구,,6선,
원유철,19,새누리당,,지역구,,5선,
윤상현,19,새누리당,,지역구,,5선,
문대성,19,새누리당,,지역구,,초선,
정병국,19,새누리당,,지역구,,5선,
심윤조,19,새누리당,,지역구,,초선,
정의화,19,새누리당,,지역구,,5선,
원혜영,19,민주통합당,,지역구,,5선,
추미애,19,민주통합당,,지역구,,6선,
강창희,19,새누리당,,지역구,,6선,
이채익,19,새누리당,,지역구,,3선,
박완주,19,민주통합당,,지역구,,3선,
김상훈,19,새누리당,,지역구,,4선,
조경태,19,민주통합당,,지역구,,6선,
전하진,19,새누리당,,지역구,,초선,
김동완,19,새누리당,,지역구,,초선,
정우택,19,새누리당,,지역구,,5선,
오영식,19,민주통합당,,지역구,,3선,
김동철,19,민주통합당,,지역구,,4선,
여상규,19,새누리당,,지역구,,3선,
정수성,19,새누리당,,지역구,,재선,
김한표,19,무소속,,지역구,,재선,
부좌현,19,민주통합당,,지역구,,초선,
이원욱,19,민주통합당,,지역구,,3선,
이강후,19,새누리당,,지역구,,초선,
이진복,19,새누리당,,지역구,,3선,
이현재,19,새누리당,,지역구,,재선,
고희선,19,새누리당,,지역구,,재선,
한정애,19,민주통합당,,비례대표,,4선,
최봉홍,19,새누리당,,비례대표,,초선,
장하나,19,민주통합당,,비례대표,,초선,
한명숙,19,민주통합당,,비례대표,,3선,
김상민,19,새누리당,,비례대표,,초선,
심상정,19,통합진보당,,지역구,,4선,
이완영,19,새누리당,,지역구,,재선,
은수미,19,민주통합당,,비례대표,,초선,
이석현,19,민주통합당,,지역구,,6선,
양창영,19,새누리당,,비례대표,,초선,
박대출,20,새누리당,,지역구,,4선,
신용현,20,국민의당,,지역구,,초선,
이상민,20,더불어민주당,,지역구,,5선,
윤상직,20,새누리당,,지역구,,초선,
이종걸,20,더불어민주당,,지역구,,5선,
최연혜,20,새누리당,,비례대표,,초선,
김성수,20,더불어민주당,,비례대표,,초선,
김성태,20,새누리당,,비례대표,,초선,
박선숙,20,국민의당,,비례대표,,재선,
김경진,20,국민의당,,지역구,,초선,
박성중,20,새누리당,,지역구,,재선,
박경미,20,더불어민주당,,비례대표,,초선,
변재일,20,더불어민주당,,지역구,,5선,
송희경,20,새누리당,,비례대표,,초선,
김세연,20,새누리당,,지역구,,3선,
이은재,20,새누리당,,지역구,,재선,
이장우,20,새누리당,,지역구,,재선,
장정숙,20,국민의당,,비례대표,,초선,
손혜원,20,더불어민주당,,지역구,,초선,
신동근,20,더불어민주당,,지역구,,재선,
나경원,20,새누리당,,지역구,,5선,
안민석,20,더불어민주당,,지역구,,5선,
이철규,20,무소속,,지역구,,3선,
오영훈,20,더불어민주당,,지역구,,재선,
이동섭,20,국민의당,,비례대표,,초선,
이종배,20,새누리당,,지역구,,4선,
전희경,20,새누리당,,비례대표,,초선,
전재수,20,더불어민주당,,지역구,,3선,
김석기,20,새누리당,,지역구,,3선,
조승래,20,더불어민주당,,지역구,,3선,
한선교,20,새누리당,,지역구,,4선,
강길부,20,무소속,,지역구,,4선,
곽상도,20,새누리당,,지역구,,재선,
김병욱,20,더불어민주당,,지역구,,재선,
송기석,20,국민의당,,지역구,,초선,
염동열,20,새누리당,,지역구,,재선,
표창원,20,더불어민주당,,지역구,,초선,
조훈현,20,새누리당,,비례대표,,초선,
유은혜,20,더불어민주당,,지역구,,재선,
박용진,20,더불어민주당,,지역구,,재선,
김현아,20,새누리당,,비례대표,,초선,
박찬대,20,더불어민주당,,지역구,,3선,
이군현,20,새누리당,,지역구,,4선,
서영교,20,더불어민주당,,지역구,,4선,
신경민,20,더불어민주당,,지역구,,재선,
홍문종,20,새누리당,,지역구,,4선,
김해영,20,더불어민주당,,지역구,,초선,
오세정,20,국민의당,,비례대표,,초선,
이철희,20,더불어민주당,,비례대표,,초선,
김학용,20,새누리당,,지역구,,4선,
우상호,20,더불어민주당,,지역구,,4선,
백승주,20,새누리당,,지역구,,초선,
김병기,20,더불어민주당,,지역구,,3선,
정진석,20,새누리당,,지역구,,5선,
김동철,20,국민의당,,지역구,,4선,
김진표,20,더불어민주당,,지역구,,5선,
이종명,20,새누리당,,비례대표,,초선,
김종대,20,정의당,,비례대표,,초선,
진영,20,더불어민주당,,지역구,,4선,
경대수,20,새누리당,,지역구,,재선,
김중로,20,국민의당,,비례대표,,초선,
황영철,20,새누리당,,지역구,,3선,
홍영표,20,더불어민주당,,지역구,,4선,
서청원,20,새누리당,,지역구,,8선,
이주영,20,새누리당,,지역구,,5선,
하태경,20,새누리당,,지역구,,3선,
민홍철,20,더불어민주당,,지역구,,4선,
정종섭,20,새누리당,,지역구,,초선,
안규백,20,더불어민주당,,지역구,,5선,
박덕흠,20,새누리당,,지역구,,4선,
안호영,20,더불어민주당,,지역구,,3선,
윤관석,20,더불어민주당,,지역구,,3선,
박완수,20,새누리당,,지역구,,재선,
정동영,20,국민의당,,지역구,,5선,
박찬우,20,새누리당,,지역구,,초선,
임종성,20,더불어민주당,,지역구,,재선,
이우현,20,새누리당,,지역구,,재선,
이헌승,20,새누리당,,지역구,,4선,
전현희,20,더불어민주당,,지역구,,3선,
주호영,20,무소속,,지역구,,6선,
윤후덕,20,더불어민주당,,지역구,,4선,
이해찬,20,무소속,,지역구,,7선,
최인호,20,더불어민주당,,지역구,,재선,
함진규,20,새누리당,,지역구,,재선,
강훈식,20,더불어민주당,,지역구,,3선,
이학재,20,새누리당,,지역구,,3선,
최경환(국),20,,,,,,
황희,20,더불어민주당,,지역구,,3선,
김재원,20,자유한국당,,지역구,,3선,
윤영일,20,국민의당,,지역구,,초선,
박준영,20,국민의당,,지역구,,초선,
정병국,20,새누리당,,지역구,,5선,
송영길,20,더불어민주당,,지역구,,5선,
박주현,20,국민의당,,비례대표,,초선,
유승민,20,무소속,,지역구,,5선,
심기준,20,더불어민주당,,비례대표,,초선,
엄용수,20,새누리당,,지역구,,초선,
김성식,20,국민의당,,지역구,,재선,
이종구,20,새누리당,,지역구,,3선,
김두관,20,더불어민주당,,지역구,,재선,
최교일,20,새누리당,,지역구,,초선,
이언주,20,더불어민주당,,지역구,,3선,
김종민,20,더불어민주당,,지역구,,3선,
추경호,20,새누리당,,지역구,,3선,
김태년,20,더불어민주당,,지역구,,5선,
이혜훈,20,새누리당,,지역구,,3선,
김경협,20,더불어민주당,,지역구,,3선,
서형수,20,더불어민주당,,지역구,,초선,
심상정,20,정의당,,지역구,,4선,
유승희,20,더불어민주당,,지역구,,3선,
조정식,20,더불어민주당,,지역구,,6선,
권성동,20,새누리당,,지역구,,5선,
김정우,20,더불어민주당,,지역구,,초선,
유성엽,20,국민의당,,지역구,,3선,
강병원,20,더불어민주당,,지역구,,재선,
이완영,20,새누리당,,지역구,,재선,
정인화,20,국민의당,,지역구,,초선,
홍문표,20,새누리당,,지역구,,4선,
황주홍,20,국민의당,,지역구,,재선,
이양수,20,새누리당,,지역구,,3선,
김성찬,20,새누리당,,지역구,,재선,
위성곤,20,더불어민주당,,지역구,,3선,
김종회,20,국민의당,,지역구,,초선,
안상수,20,무소속,,지역구,,3선,
김현권,20,더불어민주당,,비례대표,,초선,
이만희,20,새누리당,,지역구,,3선,
김한정,20,더불어민주당,,지역구,,재선,
권석창,20,새누리당,,지역구,,초선,
김철민,20,더불어민주당,,지역구,,재선,
강석진,20,새누리당,,지역구,,초선,
서삼석,20,더불어민주당,,지역구,,3선,
김정재,20,새누리당,,지역구,,3선,
윤준호,20,더불어민주당,,지역구,,초선,
손금주,20,국민의당,,지역구,,초선,
정운천,20,새누리당,,지역구,,재선,
강석호,20,새누리당,,지역구,,3선,
김영주,20,더불어민주당,,지역구,,4선,
이상헌,20,더불어민주당,,지역구,,재선,
김수민,20,국민의당,,비례대표,,초선,
정세균,20,더불어민주당,,지역구,,6선,
최경환(평),20,,,,,,
박인숙,20,새누리당,,지역구,,재선,
윤종오,20,무소속,,지역구,,재선,
강효상,20,새누리당,,비례대표,,초선,
추혜선,20,정의당,,비례대표,,초선,
민경욱,20,새누리당,,지역구,,초선,
고용진,20,더불어민주당,,지역구,,재선,
김재경,20,새누리당,,지역구,,4선,
박홍근,20,더불어민주당,,지역구,,4선,
최명길,20,더불어민주당,,지역구,,초선,
이은권,20,새누리당,,지역구,,초선,
조원진,20,새누리당,,지역구,,3선,
오신환,20,새누리당,,지역구,,재선,
주광덕,20,새누리당,,지역구,,재선,
박주민,20,더불어민주당,,지역구,,3선,
조응천,20,더불어민주당,,지역구,,재선,
노회찬,20,정의당,,지역구,,3선,
금태섭,20,더불어민주당,,지역구,,초선,
박지원,20,국민의당,,지역구,,5선,
백혜련,20,더불어민주당,,지역구,,3선,
정갑윤,20,새누리당,,지역구,,5선,
정성호,20,더불어민주당,,지역구,,5선,
여상규,20,새누리당,,지역구,,3선,
이춘석,20,더불어민주당,,지역구,,4선,
이용주,20,국민의당,,지역구,,초선,
김진태,20,새누리당,,지역구,,재선,
송기헌,20,더불어민주당,,지역구,,3선,
장제원,20,무소속,,지역구,,3선,
채이배,20,국민의당,,비례대표,,초선,
정점식,20,자유한국당,,지역구,,3선,
김도읍,20,새누리당,,지역구,,4선,
이재정,20,더불어민주당,,비례대표,,3선,
윤한홍,20,새누리당,,지역구,,3선,
어기구,20,더불어민주당,,지역구,,3선,
곽대훈,20,새누리당,,지역구,,초선,
김규환,20,새누리당,,비례대표,,초선,
홍의락,20,무소속,,지역구,,재선,
이찬열,20,더불어민주당,,지역구,,3선,
김정훈,20,새누리당,,지역구,,4선,
이훈,20,더불어민주당,,지역구,,초선,
김경수,20,더불어민주당,,지역구,,초선,
권칠승,20,더불어민주당,,지역구,,3선,
김기선,20,새누리당,,지역구,,재선,
조배숙,20,국민의당,,지역구,,5선,
김병관,20,더불어민주당,,지역구,,초선,
정우택,20,새누리당,,지역구,,5선,
박재호,20,더불어민주당,,지역구,,재선,
정유섭,20,새누리당,,지역구,,초선,
박정,20,더불어민주당,,지역구,,3선,
유동수,20,더불어민주당,,지역구,,3선,
우원식,20,더불어민주당,,지역구,,5선,
김삼화,20,국민의당,,비례대표,,초선,
장석춘,20,새누리당,,지역구,,초선,
송갑석,20,더불어민주당,,지역구,,재선,
김성환,20,더불어민주당,,지역구,,3선,
성일종,20,새누리당,,지역구,,3선,
김영진,20,더불어민주당,,지역구,,3선,
박순자,20,새누리당,,지역구,,3선,
김영호,20,더불어민주당,,지역구,,3선,
이용호,20,국민의당,,지역구,,재선,
유민봉,20,새누리당,,비례대표,,초선,
소병훈,20,더불어민주당,,지역구,,3선,
이명수,20,새누리당,,지역구,,4선,
홍철호,20,새누리당,,지역구,,재선,
권은희,20,국민의당,,지역구,,3선,
윤재옥,20,새누리당,,지역구,,4선,
김순례,20,새누리당,,비례대표,,초선,
윤종필,20,새누리당,,비례대표,,초선,
임이자,20,새누리당,,비례대표,,3선,
이정미,20,정의당,,비례대표,,초선,
정춘숙,20,더불어민주당,,비례대표,,재선,
권미혁,20,더불어민주당,,지역구,,초선,
김명연,20,새누리당,,지역구,,재선,
신보라,20,새누리당,,비례대표,,초선,
송옥주,20,더불어민주당,,비례대표,,3선,
제윤경,20,더불어민주당,,비례대표,,초선,
윤소하,20,정의당,,비례대표,,초선,
김성원,20,새누리당,,지역구,,3선,
여영국,20,정의당,,지역구,,초선,
박병석,20,더불어민주당,,지역구,,6선,
윤상현,20,무소속,,지역구,,5선,
설훈,20,더불어민주당,,지역구,,5선,
원혜영,20,더불어민주당,,지역구,,5선,
이석현,20,더불어민주당,,지역구,,6선,
정양석,20,새누리당,,지역구,,재선,
최경환(한),20,,,,,,
유기준,20,새누리당,,지역구,,4선,
이태규,20,국민의당,,비례대표,,재선,
원유철,20,새누리당,,지역구,,5선,
박주선,20,국민의당,,지역구,,4선,
김무성,20,새누리당,,지역구,,6선,
천정배,20,국민의당,,지역구,,6선,
심재권,20,더불어민주당,,지역구,,3선,
이수혁,20,더불어민주당,,비례대표,,초선,
추미애,20,더불어민주당,,지역구,,6선,
김영우,20,새누리당,,지역구,,3선,
이상돈,20,국민의당,,비례대표,,초선,
신창현,20,더불어민주당,,지역구,,초선,
이용득,20,더불어민주당,,비례대표,,초선,
한정애,20,더불어민주당,,지역구,,4선,
문진국,20,새누리당,,비례대표,,초선,
이강래,17,열린우리당,,지역구,,3선,
윤호중,17,열린우리당,,지역구,,5선,
노영민,17,열린우리당,,지역구,,3선,
안택수,17,한나라당,,지역구,,3선,
이호웅,17,열린우리당,,지역구,,재선,
김기석,17,열린우리당,,지역구,,초선,
김태환,17,한나라당,,지역구,,3선,
한선교,17,한나라당,,지역구,,4선,
김맹곤,17,열린우리당,,지역구,,초선,
안홍준,17,한나라당,,지역구,,3선,
허태열,17,한나라당,,지역구,,3선,
박혁규,17,한나라당,,지역구,,재선,
한화갑,17,새천년민주당,,지역구,,4선,
김근태,17,열린우리당,,지역구,,3선,
박성범,17,한나라당,,지역구,,재선,
이석현,17,열린우리당,,지역구,,6선,
신기남,17,열린우리당,,지역구,,4선,
안병엽,17,열린우리당,,지역구,,초선,
류시민,17,,,,,,
김효석,17,새천년민주당,,지역구,,3선,
이원복,17,한나라당,,지역구,,재선,
천정배,17,열린우리당,,지역구,,6선,
임종인,17,열린우리당,,지역구,,초선,
문희상,17,열린우리당,,지역구,,6선,
이상득,17,한나라당,,지역구,,6선,
류재건,17,,,,,,
맹형규,17,한나라당,,지역구,,4선,
고진화,17,한나라당,,지역구,,초선,
주성영,17,한나라당,,지역구,,재선,
최용규,17,열린우리당,,지역구,,재선,
김양수,17,한나라당,,지역구,,초선,
채일병,17,민주당,,지역구,,초선,
차명진,17,한나라당,,지역구,,재선,
이철우,17,열린우리당,,지역구,,초선,
김재원,17,한나라당,,지역구,,3선,
이시종,17,열린우리당,,지역구,,재선,
오시덕,17,열린우리당,,지역구,,초선,
박홍수,17,열린우리당,,비례대표,,초선,
이정일,17,새천년민주당,,지역구,,재선,
김광원,17,한나라당,,지역구,,3선,
이광재,17,열린우리당,,지역구,,3선,
노회찬,17,민주노동당,,비례대표,,3선,
김성조,17,한나라당,,지역구,,3선,
이원영,17,열린우리당,,지역구,,초선,
나경원,17,한나라당,,비례대표,,5선,
김종률,17,열린우리당,,지역구,,재선,
이상락,17,열린우리당,,지역구,,초선,
임인배,17,한나라당,,지역구,,3선,
조승수,17,민주노동당,,지역구,,재선,
이성권,17,한나라당,,지역구,,재선,
이명규,17,한나라당,,지역구,,재선,
김영대,17,대통합민주신당,,비례대표,,초선,
신명,17,열린우리당,,비례대표,,초선,
이종구,17,한나라당,,지역구,,3선,
이계안,17,열린우리당,,지역구,,초선,
박병석,17,열린우리당,,지역구,,6선,
김정부,17,한나라당,,지역구,,재선,
김애실,17,한나라당,,비례대표,,초선,
한명숙,17,열린우리당,,지역구,,3선,
김원웅,17,열린우리당,,지역구,,3선,
박계동,17,한나라당,,지역구,,재선,
장영달,17,열린우리당,,지역구,,4선,
신계륜,17,열린우리당,,지역구,,4선,
김문수,17,한나라당,,지역구,,3선,
김혁규,17,열린우리당,,비례대표,,초선,
이화영,17,열린우리당,,지역구,,초선,
정의화,17,한나라당,,지역구,,5선,
박세일,17,한나라당,,비례대표,,초선,
홍준표,17,한나라당,,지역구,,5선,
박희태,17,한나라당,,지역구,,6선,
김원기,17,열린우리당,,지역구,,6선,
이덕모,17,한나라당,,지역구,,초선,
이경재,17,한나라당,,지역구,,4선,
고희선,17,한나라당,,지역구,,재선,
정두언,18,한나라당,,지역구,,3선,
황우여,18,한나라당,,지역구,,5선,
권영진,18,한나라당,,지역구,,재선,
서청원,18,친박연대,,비례대표,,8선,
임태희,18,한나라당,,지역구,,3선,
정세균,18,통합민주당,,지역구,,6선,
이용섭,18,통합민주당,,지역구,,재선,
이재선,18,자유선진당,,지역구,,3선,
최욱철,18,무소속,,지역구,,3선,
김성순,18,통합민주당,,지역구,,재선,
김성곤,18,통합민주당,,지역구,,4선,
박상은,18,한나라당,,지역구,,재선,
김세웅,18,통합민주당,,지역구,,초선,
송광호,18,한나라당,,지역구,,4선,
변웅전,18,자유선진당,,지역구,,3선,
유일호,18,한나라당,,지역구,,재선,
이종걸,18,통합민주당,,지역구,,5선,
박근혜,18,한나라당,,지역구,,5선,
윤진식,18,한나라당,,지역구,,재선,
조배숙,18,통합민주당,,지역구,,5선,
손학규,18,민주당,,지역구,,4선,
박우순,18,민주당,,지역구,,초선,
이계진,18,한나라당,,지역구,,재선,
한선교,18,무소속,,지역구,,4선,
변재일,18,통합민주당,,지역구,,5선,
구본철,18,한나라당,,지역구,,초선,
장세환,18,통합민주당,,지역구,,초선,
임두성,18,한나라당,,비례대표,,초선,
최경희,18,한나라당,,비례대표,,초선,
문국현,18,창조한국당,,지역구,,초선,
홍장표,18,친박연대,,지역구,,초선,
김노식,18,친박연대,,비례대표,,재선,
이달곤,18,한나라당,,비례대표,,재선,
허범도,18,한나라당,,지역구,,초선,
이명수,18,자유선진당,,지역구,,4선,
이용삼,18,통합민주당,,지역구,,4선,
이무영,18,무소속,,지역구,,초선,
원유철,18,한나라당,,지역구,,5선,
윤상일,18,친박연대,,비례대표,,초선,
김형태,19,새누리당,,지역구,,초선,
유기준,19,새누리당,,지역구,,4선,
유정복,19,새누리당,,지역구,,3선,
정희수,19,새누리당,,지역구,,3선,
김표,19,,,,,,
정미경,19,새누리당,,지역구,,재선,
홍철호,19,새누리당,,지역구,,재선,
유승민,19,새누리당,,지역구,,5선,
김무성,19,새누리당,,지역구,,6선,
이재균,19,새누리당,,지역구,,초선,
홍지만,19,새누리당,,지역구,,초선,
정두언,19,새누리당,,지역구,,3선,
박광온,19,새정치민주연합,,지역구,,3선,
박맹우,19,새누리당,,지역구,,재선,
김근태,19,새누리당,,지역구,,초선,
배덕광,19,새누리당,,지역구,,재선,
이개호,19,새정치민주연합,,지역구,,4선,
박민식,19,새누리당,,지역구,,재선,
김제식,19,새누리당,,지역구,,초선,
장정은,19,새누리당,,비례대표,,초선,
전순옥,19,민주통합당,,비례대표,,초선,
이정현,19,새누리당,,지역구,,3선,
김종훈,19,새누리당,,지역구,,초선,
김영주,19,민주통합당,,지역구,,4선,
서청원,19,새누리당,,지역구,,8선,
나경원,19,새누리당,,지역구,,5선,
진영,19,새누리당,,지역구,,4선,
김용남,19,새누리당,,지역구,,초선,
이개호,20,더불어민주당,,지역구,,4선,
안철수,20,국민의당,,지역구,,4선,
도종환,20,더불어민주당,,지역구,,3선,
임재훈,20,바른미래당,,비례대표,,초선,
김종태,20,새누리당,,지역구,,재선,
이규희,20,더불어민주당,,지역구,,초선,
송석준,20,새누리당,,지역구,,3선,
김정호,20,더불어민주당,,지역구,,3선,
이후삼,20,더불어민주당,,지역구,,초선,
송언석,20,자유한국당,,지역구,,3선,
김부겸,20,더불어민주당,,지역구,,4선,
김종인,20,더불어민주당,,비례대표,,5선,
홍일표,20,새누리당,,지역구,,3선,
김영춘,20,더불어민주당,,지역구,,3선,
최경환,20,자유한국당,,지역구,,4선,
배덕광,20,새누리당,,지역구,,재선,
문미옥,20,더불어민주당,,비례대표,,초선,
인재근,20,더불어민주당,,지역구,,3선,
전혜숙,20,더불어민주당,,지역구,,3선,
최도자,20,국민의당,,비례대표,,초선,
김광수,20,국민의당,,지역구,,초선,
기동민,20,더불어민주당,,지역구,,재선,
김상희,20,더불어민주당,,지역구,,4선,
김승희,20,새누리당,,비례대표,,초선,
윤일규,20,더불어민주당,,지역구,,초선,
유재중,20,새누리당,,지역구,,3선,
맹성규,20,더불어민주당,,지역구,,3선,
신상진,20,새누리당,,지역구,,4선,
정은혜,20,더불어민주당,,비례대표,,초선,
최경환(새),20,,,,,,
안민석,21,더불어민주당,,지역구,,5선,
태영호,21,미래통합당,,지역구,,초선,
윤건영,21,더불어민주당,,지역구,,재선,
박진,21,미래통합당,,지역구,,4선,
이낙연,21,더불어민주당,,지역구,,5선,
정진석,21,미래통합당,,지역구,,5선,
이상민,21,더불어민주당,,지역구,,5선,
지성호,21,미래한국당,,비례대표,,초선,
이용선,21,더불어민주당,,지역구,,재선,
조태용,21,미래한국당,,비례대표,,초선,
이재정,21,더불어민주당,,지역구,,3선,
전해철,21,더불어민주당,,지역구,,3선,
김기현,21,미래통합당,,지역구,,5선,
김영호,21,더불어민주당,,지역구,,3선,
김태호,21,무소속,,지역구,,4선,
김영주,21,더불어민주당,,지역구,,4선,
김석기,21,미래통합당,,지역구,,3선,
김태년,21,더불어민주당,,지역구,,5선,
이태규,21,국민의당,,비례대표,,재선,
김홍걸,21,더불어시민당,,비례대표,,초선,
황희,21,더불어민주당,,지역구,,3선,
안규백,21,더불어민주당,,지역구,,5선,
하태경,21,미래통합당,,지역구,,3선,
설훈,21,더불어민주당,,지역구,,5선,
홍준표,21,무소속,,지역구,,5선,
김민기,21,더불어민주당,,지역구,,3선,
김병기,21,더불어민주당,,지역구,,3선,
홍영표,21,더불어민주당,,지역구,,4선,
강대식,21,미래통합당,,지역구,,재선,
김진표,21,더불어민주당,,지역구,,5선,
김병주,21,더불어시민당,,비례대표,,재선,
신원식,21,미래한국당,,비례대표,,초선,
이채익,21,미래통합당,,지역구,,3선,
박성준,21,더불어민주당,,지역구,,재선,
한기호,21,미래통합당,,지역구,,4선,
윤주경,21,미래한국당,,비례대표,,초선,
강기윤,21,미래통합당,,지역구,,재선,
김성주,21,더불어민주당,,지역구,,재선,
김원이,21,더불어민주당,,지역구,,재선,
김미애,21,미래통합당,,지역구,,재선,
남인순,21,더불어민주당,,지역구,,4선,
서정숙,21,미래한국당,,비례대표,,초선,
이용호,21,무소속,,지역구,,재선,
서영석,21,더불어민주당,,지역구,,재선,
신현영,21,더불어시민당,,비례대표,,초선,
이종성,21,미래한국당,,비례대표,,초선,
인재근,21,더불어민주당,,지역구,,3선,
정춘숙,21,더불어민주당,,지역구,,재선,
조명희,21,미래한국당,,비례대표,,초선,
최종윤,21,더불어민주당,,지역구,,초선,
최혜영,21,더불어시민당,,비례대표,,초선,
백종헌,21,미래통합당,,지역구,,재선,
허종식,21,더불어민주당,,지역구,,재선,
최연숙,21,국민의당,,비례대표,,초선,
강병원,21,더불어민주당,,지역구,,재선,
강선우,21,더불어민주당,,지역구,,재선,
고영인,21,더불어민주당,,지역구,,초선,
권칠승,21,더불어민주당,,지역구,,3선,
박형수,21,미래통합당,,지역구,,재선,
서범수,21,미래통합당,,지역구,,재선,
김민철,21,더불어민주당,,지역구,,초선,
임호선,21,더불어민주당,,지역구,,재선,
이명수,21,미래통합당,,지역구,,4선,
박완주,21,더불어민주당,,지역구,,3선,
양기대,21,더불어민주당,,지역구,,초선,
이해식,21,더불어민주당,,지역구,,재선,
최춘식,21,미래통합당,,지역구,,초선,
한병도,21,더불어민주당,,지역구,,3선,
권영세,21,미래통합당,,지역구,,5선,
오영환,21,더불어민주당,,지역구,,초선,
김용판,21,미래통합당,,지역구,,초선,
한정애,21,더불어민주당,,지역구,,4선,
박재호,21,더불어민주당,,지역구,,재선,
김형동,21,미래통합당,,지역구,,재선,
이형석,21,더불어민주당,,지역구,,초선,
박완수,21,미래통합당,,지역구,,재선,
김영배,21,더불어민주당,,지역구,,재선,
이은주,21,정의당,,비례대표,,초선,
오영훈,21,더불어민주당,,지역구,,재선,
김진애,21,열린민주당,,비례대표,,재선,
김회재,21,더불어민주당,,지역구,,초선,
김은혜,21,미래통합당,,지역구,,재선,
정동만,21,미래통합당,,지역구,,재선,
하영제,21,미래통합당,,지역구,,초선,
김윤덕,21,더불어민주당,,지역구,,3선,
김상훈,21,미래통합당,,지역구,,4선,
문정복,21,더불어민주당,,지역구,,재선,
이헌승,21,미래통합당,,지역구,,4선,
문진석,21,더불어민주당,,지역구,,재선,
심상정,21,정의당,,지역구,,4선,
박상혁,21,더불어민주당,,지역구,,재선,
박영순,21,더불어민주당,,지역구,,초선,
김희국,21,미래통합당,,지역구,,재선,
소병훈,21,더불어민주당,,지역구,,3선,
이종배,21,미래통합당,,지역구,,4선,
장경태,21,더불어민주당,,지역구,,재선,
박성민,21,미래통합당,,지역구,,재선,
허영,21,더불어민주당,,지역구,,재선,
김교흥,21,더불어민주당,,지역구,,3선,
조오섭,21,더불어민주당,,지역구,,초선,
송석준,21,미래통합당,,지역구,,3선,
진성준,21,더불어민주당,,지역구,,3선,
천준호,21,더불어민주당,,지역구,,재선,
송언석,21,미래통합당,,지역구,,3선,
홍기원,21,더불어민주당,,지역구,,재선,
강준현,21,더불어민주당,,지역구,,재선,
조응천,21,더불어민주당,,지역구,,재선,
전주혜,21,미래한국당,,비례대표,,초선,
이양수,21,미래통합당,,지역구,,3선,
이수진(비),21,,,,,,
이수진,21,더불어민주당,,지역구,,초선,
권인숙,21,더불어시민당,,비례대표,,초선,
양금희,21,미래통합당,,지역구,,초선,
이원택,21,더불어민주당,,지역구,,재선,
임오경,21,더불어민주당,,지역구,,재선,
양경숙,21,더불어시민당,,비례대표,,초선,
유정주,21,더불어시민당,,비례대표,,초선,
김정재,21,미래통합당,,지역구,,3선,
노웅래,21,더불어민주당,,지역구,,4선,
김성원,21,미래통합당,,지역구,,3선,
안호영,21,더불어민주당,,지역구,,3선,
박대수,21,미래한국당,,비례대표,,초선,
양이원영,21,더불어시민당,,비례대표,,초선,
김웅,21,미래통합당,,지역구,,초선,
윤미향,21,더불어시민당,,비례대표,,초선,
박덕흠,21,미래통합당,,지역구,,4선,
임종성,21,더불어민주당,,지역구,,재선,
임이자,21,미래통합당,,지역구,,3선,
홍석준,21,미래통합당,,지역구,,초선,
윤준병,21,더불어민주당,,지역구,,재선,
장철민,21,더불어민주당,,지역구,,재선,
권명호,21,미래통합당,,지역구,,초선,
신영대,21,더불어민주당,,지역구,,재선,
강훈식,21,더불어민주당,,지역구,,3선,
이주환,21,미래통합당,,지역구,,초선,
고민정,21,더불어민주당,,지역구,,재선,
김성환,21,더불어민주당,,지역구,,3선,
김경만,21,더불어시민당,,비례대표,,초선,
윤영석,21,미래통합당,,지역구,,4선,
이동주,21,더불어시민당,,비례대표,,초선,
한무경,21,미래한국당,,비례대표,,초선,
신정훈,21,더불어민주당,,지역구,,3선,
홍정민,21,더불어민주당,,지역구,,초선,
이성만,21,더불어민주당,,지역구,,초선,
최승재,21,미래한국당,,비례대표,,초선,
류호정,21,정의당,,비례대표,,초선,
이소영,21,더불어민주당,,지역구,,재선,
구자근,21,미래통합당,,지역구,,재선,
조정훈,21,시대전환,,비례대표,,재선,
이장섭,21,더불어민주당,,지역구,,초선,
정태호,21,더불어민주당,,지역구,,재선,
김정호,21,더불어민주당,,지역구,,3선,
엄태영,21,미래통합당,,지역구,,재선,
황운하,21,더불어민주당,,지역구,,재선,
이규민,21,더불어민주당,,지역구,,초선,
이철규,21,미래통합당,,지역구,,3선,
송갑석,21,더불어민주당,,지역구,,재선,
이용,21,미래한국당,,비례대표,,초선,
배현진,21,미래통합당,,지역구,,재선,
이병훈,21,더불어민주당,,지역구,,초선,
김승원,21,더불어민주당,,지역구,,재선,
윤상현,21,국민의힘,,지역구,,5선,
이상직,21,더불어민주당,,지역구,,재선,
최형두,21,미래통합당,,지역구,,재선,
김승수,21,미래통합당,,지역구,,재선,
전용기,21,더불어시민당,,비례대표,,재선,
이상헌,21,더불어민주당,,지역구,,재선,
김예지,21,미래한국당,,비례대표,,재선,
이달곤,21,미래통합당,,지역구,,재선,
박정,21,더불어민주당,,지역구,,3선,
정정순,21,더불어민주당,,지역구,,초선,
박대출,21,미래통합당,,지역구,,4선,
양정숙,21,무소속,,비례대표,,초선,
우상호,21,더불어민주당,,지역구,,4선,
윤영찬,21,더불어민주당,,지역구,,초선,
정희용,21,미래통합당,,지역구,,재선,
황보승희,21,미래통합당,,지역구,,초선,
허은아,21,미래한국당,,비례대표,,초선,
김상희,21,더불어민주당,,지역구,,4선,
조정식,21,더불어민주당,,지역구,,6선,
한준호,21,더불어민주당,,지역구,,재선,
홍익표,21,더불어민주당,,지역구,,3선,
김영식,21,미래통합당,,지역구,,초선,
주호영,21,미래통합당,,지역구,,6선,
정필모,21,더불어시민당,,비례대표,,초선,
변재일,21,더불어민주당,,지역구,,5선,
박성중,21,미래통합당,,지역구,,재선,
이용빈,21,더불어민주당,,지역구,,초선,
조승래,21,더불어민주당,,지역구,,3선,
강은미,21,정의당,,비례대표,,초선,
김학용,21,국민의힘,,지역구,,4선,
신동근,21,더불어민주당,,지역구,,재선,
정청래,21,더불어민주당,,지역구,,4선,
김의겸,21,열린민주당,,비례대표,,초선,
송옥주,21,더불어민주당,,지역구,,3선,
김경협,21,더불어민주당,,지역구,,3선,
조은희,21,국민의힘,,지역구,,재선,
유기홍,21,더불어민주당,,지역구,,3선,
용혜인,21,기본소득당,,비례대표,,재선,
서병수,21,미래통합당,,지역구,,5선,
고용진,21,더불어민주당,,지역구,,재선,
서일준,21,미래통합당,,지역구,,재선,
정성호,21,더불어민주당,,지역구,,5선,
김수흥,21,더불어민주당,,지역구,,초선,
유경준,21,미래통합당,,지역구,,초선,
우원식,21,더불어민주당,,지역구,,5선,
김주영,21,더불어민주당,,지역구,,재선,
류성걸,21,미래통합당,,지역구,,재선,
정일영,21,더불어민주당,,지역구,,재선,
장혜영,21,정의당,,비례대표,,초선,
배준영,21,미래통합당,,지역구,,재선,
김두관,21,더불어민주당,,지역구,,재선,
김영진,21,더불어민주당,,지역구,,3선,
정운천,21,미래통합당,,비례대표,,재선,
박홍근,21,더불어민주당,,지역구,,4선,
김도읍,21,미래통합당,,지역구,,4선,
백혜련,21,더불어민주당,,지역구,,3선,
전혜숙,21,더불어민주당,,지역구,,3선,
임병헌,21,무소속,,지역구,,초선,
김승남,21,더불어민주당,,지역구,,재선,
어기구,21,더불어민주당,,지역구,,3선,
윤재갑,21,더불어민주당,,지역구,,초선,
주철현,21,더불어민주당,,지역구,,재선,
정점식,21,미래통합당,,지역구,,3선,
최인호,21,더불어민주당,,지역구,,재선,
서삼석,21,더불어민주당,,지역구,,3선,
이만희,21,미래통합당,,지역구,,3선,
김선교,21,미래통합당,,지역구,,재선,
이개호,21,더불어민주당,,지역구,,4선,
안병길,21,미래통합당,,지역구,,초선,
맹성규,21,더불어민주당,,지역구,,3선,
홍문표,21,미래통합당,,지역구,,4선,
정우택,21,국민의힘,,지역구,,5선,
최재형,21,국민의힘,,지역구,,초선,
권성동,21,무소속,,지역구,,5선,
김민석,21,더불어민주당,,지역구,,4선,
최영희,21,국민의힘,,비례대표,,초선,
서동용,21,더불어민주당,,지역구,,초선,
도종환,21,더불어민주당,,지역구,,3선,
강민정,21,열린민주당,,비례대표,,초선,
김병욱,21,더불어민주당,,지역구,,재선,
민형배,21,더불어민주당,,지역구,,재선,
박광온,21,더불어민주당,,지역구,,3선,
정경희,21,미래한국당,,비례대표,,초선,
강득구,21,더불어민주당,,지역구,,재선,
권은희,21,국민의당,,비례대표,,3선,
조경태,21,미래통합당,,지역구,,6선,
소병철,21,더불어민주당,,지역구,,초선,
윤영덕,21,더불어민주당,,지역구,,초선,
윤창현,21,미래한국당,,비례대표,,초선,
박용진,21,더불어민주당,,지역구,,재선,
민병덕,21,더불어민주당,,지역구,,재선,
강민국,21,미래통합당,,지역구,,재선,
김한규,21,더불어민주당,,지역구,,재선,
김희곤,21,미래통합당,,지역구,,초선,
이용우,21,더불어민주당,,지역구,,초선,
유의동,21,미래통합당,,지역구,,3선,
강성희,21,진보당,,지역구,,초선,
오기형,21,더불어민주당,,지역구,,재선,
윤한홍,21,미래통합당,,지역구,,3선,
김종민,21,더불어민주당,,지역구,,3선,
김한정,21,더불어민주당,,지역구,,재선,
김용민,21,더불어민주당,,지역구,,재선,
노용호,21,국민의힘,,비례대표,,초선,
박수영,21,미래통합당,,지역구,,재선,
양향자,21,더불어민주당,,지역구,,초선,
이인선,21,국민의힘,,지역구,,재선,
배진교,21,정의당,,비례대표,,초선,
윤후덕,21,더불어민주당,,지역구,,4선,
기동민,21,더불어민주당,,지역구,,재선,
성일종,21,미래통합당,,지역구,,3선,
윤재옥,21,미래통합당,,지역구,,4선,
전재수,21,더불어민주당,,지역구,,3선,
위성곤,21,더불어민주당,,지역구,,3선,
김용민,22,더불어민주당,,지역구,,재선,
정청래,22,더불어민주당,,지역구,,4선,
노용호,22,국민의힘,,,,초선,
김경만,22,더불어시민당,,,,초선,
이인선,22,국민의힘,,지역구,,재선,
김성환,22,더불어민주당,,지역구,,3선,
권명호,22,미래통합당,,,,초선,
이동주,22,더불어시민당,,,,초선,
박수영,22,국민의힘,,지역구,,재선,
김회재,22,더불어민주당,,,,초선,
박영순,22,더불어민주당,,,,초선,
이장섭,22,더불어민주당,,,,초선,
신영대,22,더불어민주당,,지역구,,재선,
이종배,22,국민의힘,,지역구,,4선,
양이원영,22,더불어시민당,,,,초선,
구자근,22,국민의힘,,지역구,,재선,
이철규,22,국민의힘,,지역구,,3선,
이용빈,22,더불어민주당,,,,초선,
양금희,22,미래통합당,,,,초선,
김정호,22,더불어민주당,,지역구,,3선,
양향자,22,더불어민주당,,,,초선,
한무경,22,미래한국당,,,,초선,
정일영,22,더불어민주당,,지역구,,재선,
홍정민,22,더불어민주당,,,,초선,
김성원,22,국민의힘,,지역구,,3선,
김한정,22,더불어민주당,,,,재선,
최형두,22,국민의힘,,지역구,,재선,
송기헌,22,더불어민주당,,지역구,,3선,
박형수,22,국민의힘,,지역구,,재선,
박용진,22,더불어민주당,,,,재선,
김영배,22,더불어민주당,,지역구,,재선,
조수진,22,미래한국당,,,,초선,
이탄희,22,더불어민주당,,,,초선,
유상범,22,국민의힘,,지역구,,재선,
권칠승,22,더불어민주당,,지역구,,3선,
조정훈,22,국민의힘,,지역구,,재선,
김승원,22,더불어민주당,,지역구,,재선,
전주혜,22,미래한국당,,,,초선,
김의겸,22,열린민주당,,,,초선,
박범계,22,더불어민주당,,지역구,,4선,
소병철,22,더불어민주당,,,,초선,
박주민,22,더불어민주당,,지역구,,3선,
이용우,22,더불어민주당,,지역구,,초선,
김위상,22,국민의미래,,비례대표,,초선,
김태선,22,더불어민주당,,지역구,,초선,
우재준,22,국민의힘,,지역구,,초선,
박해철,22,더불어민주당,,지역구,,초선,
김소희,22,국민의미래,,비례대표,,초선,
박홍배,22,더불어민주연합,,비례대표,,초선,
조지연,22,국민의힘,,지역구,,초선,
정혜경,22,더불어민주연합,,비례대표,,초선,
이학영,22,더불어민주당,,지역구,,4선,
강득구,22,더불어민주당,,지역구,,재선,
김형동,22,국민의힘,,지역구,,재선,
임이자,22,국민의힘,,지역구,,3선,
박정,22,더불어민주당,,지역구,,3선,
김주영,22,더불어민주당,,지역구,,재선,
한민수,22,더불어민주당,,지역구,,초선,
이정헌,22,더불어민주당,,지역구,,초선,
박충권,22,국민의미래,,비례대표,,초선,
이훈기,22,더불어민주당,,지역구,,초선,
최수진,22,국민의미래,,비례대표,,초선,
김우영,22,더불어민주당,,지역구,,초선,
조인철,22,더불어민주당,,지역구,,초선,
신성범,22,국민의힘,,지역구,,3선,
황정아,22,더불어민주당,,지역구,,초선,
박정훈,22,국민의힘,,지역구,,초선,
노종면,22,더불어민주당,,지역구,,초선,
박민규,22,더불어민주당,,지역구,,초선,
김장겸,22,국민의미래,,비례대표,,초선,
이해민,22,조국혁신당,,비례대표,,초선,
이상휘,22,국민의힘,,지역구,,초선,
정동영,22,더불어민주당,,지역구,,5선,
이준석,22,개혁신당,,지역구,,초선,
김현,22,더불어민주당,,지역구,,재선,
조국,22,조국혁신당,,비례대표,,초선,
박선원,22,더불어민주당,,지역구,,초선,
임종득,22,국민의힘,,지역구,,초선,
유용원,22,국민의미래,,비례대표,,초선,
부승찬,22,더불어민주당,,지역구,,초선,
안규백,22,더불어민주당,,지역구,,5선,
추미애,22,더불어민주당,,지역구,,6선,
한기호,22,국민의힘,,지역구,,4선,
허영,22,더불어민주당,,지역구,,재선,
황희,22,더불어민주당,,지역구,,3선,
김민석,22,더불어민주당,,지역구,,4선,
강대식,22,국민의힘,,지역구,,재선,
김병주,22,더불어민주당,,지역구,,재선,
강선영,22,국민의미래,,비례대표,,초선,
박찬대,22,더불어민주당,,지역구,,3선,
이탄희,21,더불어민주당,,지역구,,초선,
곽상도,21,미래통합당,,지역구,,재선,
정찬민,21,미래통합당,,지역구,,초선,
김철민,21,더불어민주당,,지역구,,재선,
박찬대,21,더불어민주당,,지역구,,3선,
최기상,21,더불어민주당,,지역구,,재선,
김남국,21,더불어민주당,,지역구,,초선,
박범계,21,더불어민주당,,지역구,,4선,
장제원,21,미래통합당,,지역구,,3선,
송기헌,21,더불어민주당,,지역구,,3선,
유상범,21,미래통합당,,지역구,,재선,
조수진,21,미래한국당,,비례대표,,초선,
박주민,21,더불어민주당,,지역구,,3선,
윤희숙,21,미래통합당,,지역구,,초선,
추경호,21,미래통합당,,지역구,,3선,
김태흠,21,미래통합당,,지역구,,3선,
이광재,21,더불어민주당,,지역구,,3선,
전봉민,21,미래통합당,,지역구,,초선,
조해진,21,미래통합당,,지역구,,3선,
최강욱,21,열린민주당,,비례대표,,초선,
이영,21,미래한국당,,비례대표,,초선,
송영길,21,더불어민주당,,지역구,,5선,
윤호중,21,더불어민주당,,지역구,,5선,
윤두현,21,미래통합당,,지역구,,초선,
이인영,21,더불어민주당,,지역구,,5선,
이정문,21,더불어민주당,,지역구,,재선,
송재호,21,더불어민주당,,지역구,,초선,
이학영,21,더불어민주당,,지역구,,4선,
유동수,21,더불어민주당,,지역구,,3선,
진선미,21,더불어민주당,,지역구,,4선,
홍성국,21,더불어민주당,,지역구,,초선,
김영선,21,국민의힘,,지역구,,5선,
서영교,21,더불어민주당,,지역구,,4선,
민홍철,21,더불어민주당,,지역구,,4선,
박정하,21,국민의힘,,지역구,,재선,
박병석,21,더불어민주당,,지역구,,6선,
이원욱,21,더불어민주당,,지역구,,3선,
안철수,21,국민의힘,,지역구,,4선,
허숙정,21,더불어민주당,,비례대표,,초선,
이재명,21,더불어민주당,,지역구,,재선,
장동혁,21,국민의힘,,지역구,,재선,
김남희,22,더불어민주당,,지역구,,초선,
서영석,22,더불어민주당,,지역구,,재선,
박희승,22,더불어민주당,,지역구,,초선,
백혜련,22,더불어민주당,,지역구,,3선,
백종헌,22,국민의힘,,지역구,,재선,
서미화,22,더불어민주연합,,비례대표,,초선,
김선민,22,조국혁신당,,비례대표,,초선,
서명옥,22,국민의힘,,지역구,,초선,
소병훈,22,더불어민주당,,지역구,,3선,
안상훈,22,국민의미래,,비례대표,,초선,
이개호,22,더불어민주당,,지역구,,4선,
이수진,22,더불어민주당,,지역구,,재선,
최보윤,22,국민의미래,,비례대표,,초선,
장종태,22,더불어민주당,,지역구,,초선,
전진숙,22,더불어민주당,,지역구,,초선,
한지아,22,국민의미래,,비례대표,,초선,
이주영,22,개혁신당,,비례대표,,초선,
김윤,22,더불어민주연합,,비례대표,,초선,
남인순,22,더불어민주당,,지역구,,4선,
김예지,22,국민의미래,,비례대표,,재선,
강선우,22,더불어민주당,,지역구,,재선,
김미애,22,국민의힘,,지역구,,재선,
진선미,22,더불어민주당,,지역구,,4선,
김준혁,22,더불어민주당,,지역구,,초선,
고민정,22,더불어민주당,,지역구,,재선,
김대식,22,국민의힘,,지역구,,초선,
김민전,22,국민의미래,,비례대표,,초선,
김용태,22,국민의힘,,지역구,,초선,
박성준,22,더불어민주당,,지역구,,재선,
백승아,22,더불어민주연합,,비례대표,,초선,
정성국,22,국민의힘,,지역구,,초선,
정을호,22,더불어민주연합,,비례대표,,초선,
문정복,22,더불어민주당,,지역구,,재선,
김문수,22,더불어민주당,,지역구,,초선,
서지영,22,국민의힘,,지역구,,초선,
강경숙,22,조국혁신당,,비례대표,,초선,
박덕흠,22,국민의힘,,지역구,,4선,
조경태,22,국민의힘,,지역구,,6선,
윤준병,22,더불어민주당,,지역구,,재선,
주철현,22,더불어민주당,,지역구,,재선,
이만희,22,국민의힘,,지역구,,3선,
임미애,22,더불어민주연합,,비례대표,,초선,
이양수,22,국민의힘,,지역구,,3선,
임호선,22,더불어민주당,,지역구,,재선,
이병진,22,더불어민주당,,지역구,,초선,
이원택,22,더불어민주당,,지역구,,재선,
서천호,22,국민의힘,,지역구,,초선,
전종덕,22,더불어민주연합,,비례대표,,초선,
문금주,22,더불어민주당,,지역구,,초선,
김선교,22,국민의힘,,지역구,,재선,
문대림,22,더불어민주당,,지역구,,초선,
서삼석,22,더불어민주당,,지역구,,3선,
정희용,22,국민의힘,,지역구,,재선,
김윤덕,22,더불어민주당,,지역구,,3선,
배현진,22,국민의힘,,지역구,,재선,
민형배,22,더불어민주당,,지역구,,재선,
신동욱,22,국민의힘,,지역구,,초선,
박수현,22,더불어민주당,,지역구,,재선,
김재원,22,조국혁신당,,비례대표,,초선,
양문석,22,더불어민주당,,지역구,,초선,
정연욱,22,국민의힘,,지역구,,초선,
이기헌,22,더불어민주당,,지역구,,초선,
진종오,22,국민의미래,,비례대표,,초선,
조계원,22,더불어민주당,,지역구,,초선,
강유정,22,더불어민주연합,,비례대표,,초선,
김승수,22,국민의힘,,지역구,,재선,
박정하,22,국민의힘,,지역구,,재선,
임오경,22,더불어민주당,,지역구,,재선,
김교흥,22,더불어민주당,,지역구,,3선,
허성무,22,더불어민주당,,지역구,,초선,
고동진,22,국민의힘,,지역구,,초선,
김동아,22,더불어민주당,,지역구,,초선,
강승규,22,국민의힘,,지역구,,재선,
권향엽,22,더불어민주당,,지역구,,초선,
김한규,22,더불어민주당,,지역구,,재선,
서왕진,22,조국혁신당,,비례대표,,초선,
박지혜,22,더불어민주당,,지역구,,초선,
김원이,22,더불어민주당,,지역구,,재선,
나경원,22,국민의힘,,지역구,,5선,
곽상언,22,더불어민주당,,지역구,,초선,
박상웅,22,국민의힘,,지역구,,초선,
이재관,22,더불어민주당,,지역구,,초선,
이언주,22,더불어민주당,,지역구,,3선,
송재봉,22,더불어민주당,,지역구,,초선,
김종민,22,새로운미래,,지역구,,3선,
오세희,22,더불어민주연합,,비례대표,,초선,
정진욱,22,더불어민주당,,지역구,,초선,
주호영,22,국민의힘,,지역구,,6선,
허종식,22,더불어민주당,,지역구,,재선,
장철민,22,더불어민주당,,지역구,,재선,
서일준,22,국민의힘,,지역구,,재선,
박성민,22,국민의힘,,지역구,,재선,
박은정,22,조국혁신당,,비례대표,,초선,
이건태,22,더불어민주당,,지역구,,초선,
전현희,22,더불어민주당,,지역구,,3선,
장동혁,22,국민의힘,,지역구,,재선,
조배숙,22,국민의미래,,비례대표,,5선,
주진우,22,국민의힘,,지역구,,초선,
박균택,22,더불어민주당,,지역구,,초선,
곽규택,22,국민의힘,,지역구,,초선,
서영교,22,더불어민주당,,지역구,,4선,
송석준,22,국민의힘,,지역구,,3선,
박준태,22,국민의미래,,비례대표,,초선,
이성윤,22,더불어민주당,,지역구,,초선,
장경태,22,더불어민주당,,지역구,,재선,
박지원,22,더불어민주당,,지역구,,5선,
추경호,22,국민의힘,,지역구,,3선,
송옥주,22,더불어민주당,,지역구,,3선,
김용만,22,더불어민주당,,지역구,,초선,
강훈식,22,더불어민주당,,지역구,,3선,
김현정,22,더불어민주당,,지역구,,초선,
권성동,22,국민의힘,,지역구,,5선,
강준현,22,더불어민주당,,지역구,,재선,
유동수,22,더불어민주당,,지역구,,3선,
李憲昇,22,,,,,,
박상혁,22,더불어민주당,,지역구,,재선,
柳榮夏,22,,,,,,
천준호,22,더불어민주당,,지역구,,재선,
한창민,22,더불어민주연합,,비례대표,,초선,
조승래,22,더불어민주당,,지역구,,3선,
이강일,22,더불어민주당,,지역구,,초선,
강명구,22,국민의힘,,지역구,,초선,
신장식,22,조국혁신당,,비례대표,,초선,
강민국,22,국민의힘,,지역구,,재선,
김남근,22,더불어민주당,,지역구,,초선,
김상훈,22,국민의힘,,지역구,,4선,
민병덕,22,더불어민주당,,지역구,,재선,
김재섭,22,국민의힘,,지역구,,초선,
이인영,22,더불어민주당,,지역구,,5선,
이정문,22,더불어민주당,,지역구,,재선,
이헌승,22,국민의힘,,지역구,,4선,
유영하,22,국민의힘,,지역구,,초선,
